CREATE TABLE DEPARTMENT(
     ID INT,
     Dname Varchar(50),
     Head Varchar(50),
     PRIMARY KEY(ID)
);

INSERT INTO Department (ID, Dname, Head) VALUES (1, 'Casualty department', 'Chaunce Meaders'); 
INSERT INTO Department (ID, Dname, Head) VALUES (2, 'Operating theatre (OT)', 'Bethanne Wyche'); 
INSERT INTO Department (ID, Dname, Head) VALUES (3, 'Intensive care unit (ICU)', 'Carmen Donnelly'); 
INSERT INTO Department (ID, Dname, Head) VALUES (4, 'Anesthesiology department', 'Therese Goodboddy'); 
INSERT INTO Department (ID, Dname, Head) VALUES (5, 'Cardiology department', 'Gibb Robardey'); 
INSERT INTO Department (ID, Dname, Head) VALUES (6, 'ENT department', 'Myrvyn Cage'); 
INSERT INTO Department (ID, Dname, Head) VALUES (7, 'Geriatric department', 'Sterne Golder'); 
INSERT INTO Department (ID, Dname, Head) VALUES (8, 'Gastroenterology department', 'Elane Kingescot'); 
INSERT INTO Department (ID, Dname, Head) VALUES (9, 'General surgery', 'Robin Flippelli'); 
INSERT INTO Department (ID, Dname, Head) VALUES (10, 'Gynaecology department', 'Loren MacCombe'); 
INSERT INTO Department (ID, Dname, Head) VALUES (11, 'Haematology department', 'Arlina Bernhart'); 
INSERT INTO Department (ID, Dname, Head) VALUES (12, 'Pediatrics department', 'Harmony Cammiemile'); 
INSERT INTO Department (ID, Dname, Head) VALUES (13, 'Neurology department', 'Nick Natwick'); 
INSERT INTO Department (ID, Dname, Head) VALUES (14, 'Oncology department', 'Minnnie Fussen'); 
INSERT INTO Department (ID, Dname, Head) VALUES (15, 'Opthalmology department', 'Deborah Hendrickx'); 
INSERT INTO Department (ID, Dname, Head) VALUES (16, 'Orthopaedic department', 'Ofelia Chrystal'); 
INSERT INTO Department (ID, Dname, Head) VALUES (17, 'Urology department', 'Allin Feitosa'); 
INSERT INTO Department (ID, Dname, Head) VALUES (18, 'Psychiatry department', 'Haleigh Castelletto'); 
INSERT INTO Department (ID, Dname, Head) VALUES (19, 'Inpatient Department (IPD)', 'Bartolomeo Skillman'); 
INSERT INTO Department (ID, Dname, Head) VALUES (20, 'Support', 'Janelle Okker'); 
INSERT INTO Department (ID, Dname, Head) VALUES (21, 'Outpatient Department (OPD)', 'Ellynn Fabry'); 
INSERT INTO Department (ID, Dname, Head) VALUES (22, 'Nursing Department', 'Annmaria McCallister'); 
INSERT INTO Department (ID, Dname, Head) VALUES (23, 'Pharmacy department', 'Misha Herrieven'); 
INSERT INTO Department (ID, Dname, Head) VALUES (24, 'Radiology Department', 'Tabor Hazlegrove'); 
INSERT INTO Department (ID, Dname, Head) VALUES (25, 'Clinical pathology department', 'Wade Colliver'); 
INSERT INTO Department (ID, Dname, Head) VALUES (26, 'Accident  emergency (A&E)', 'Shep Renforth'); 
INSERT INTO Department (ID, Dname, Head) VALUES (27, 'Nutrition  dietetics', 'Crin Spleving'); 
INSERT INTO Department (ID, Dname, Head) VALUES (28, 'Orthopaedics', 'Teddi Perrigo'); 
INSERT INTO Department (ID, Dname, Head) VALUES (29, 'Breast Screening', 'Jojo Kirtley'); 
INSERT INTO Department (ID, Dname, Head) VALUES (30, 'Central sterilization unit', 'Neville Huxton'); 
INSERT INTO Department (ID, Dname, Head) VALUES (31, 'Burn Center (Burn Unit or Burns Unit)', 'Scarlet Brosoli'); 
INSERT INTO Department (ID, Dname, Head) VALUES (32, 'Clinical department', 'Delia Kenton'); 
INSERT INTO Department (ID, Dname, Head) VALUES (33, 'Central Sterile  Department (CSSD)', 'Margarethe Braiden'); 
INSERT INTO Department (ID, Dname, Head) VALUES (34, 'Coronary Care Unit (CCU)', 'Claudianus Rodgers'); 
INSERT INTO Department (ID, Dname, Head) VALUES (35, 'Medical records department', 'Karmen Kliesl'); 
INSERT INTO Department (ID, Dname, Head) VALUES (36, ' resources department', 'Sonia O''Curneen'); 
INSERT INTO Department (ID, Dname, Head) VALUES (37, 'Critical Care', 'Noble Langstone'); 
INSERT INTO Department (ID, Dname, Head) VALUES (38, 'Discharge Lounge', 'Gayle Brisset'); 
INSERT INTO Department (ID, Dname, Head) VALUES (39, 'Elderly ', 'Aubine Goodday'); 
INSERT INTO Department (ID, Dname, Head) VALUES (40, 'Gastroenterology', 'Peadar Gouly'); 
INSERT INTO Department (ID, Dname, Head) VALUES (41, 'General Services', 'Sheri Snelson'); 
INSERT INTO Department (ID, Dname, Head) VALUES (42, 'General Surgery', 'Sibyl Greenaway'); 
INSERT INTO Department (ID, Dname, Head) VALUES (43, 'Haematology', 'Modestia Senecaux'); 
INSERT INTO Department (ID, Dname, Head) VALUES (44, 'Health & Safety', 'Morey Le Marquis'); 
INSERT INTO Department (ID, Dname, Head) VALUES (45, 'Infection', 'Rolf Hoyer'); 
INSERT INTO Department (ID, Dname, Head) VALUES (46, 'Maternity', 'Burty Shackell'); 
INSERT INTO Department (ID, Dname, Head) VALUES (47, 'Microbiology', 'Ronald Richie'); 
INSERT INTO Department (ID, Dname, Head) VALUES (48, 'Neonatal', 'Boy Dawton'); 
INSERT INTO Department (ID, Dname, Head) VALUES (49, 'Nephrology', 'Charis Clashe'); 
INSERT INTO Department (ID, Dname, Head) VALUES (50, 'Obstetrics', 'Margalo Kahen'); 
INSERT INTO Department (ID, Dname, Head) VALUES (51, 'Occupational Therapy', 'Rachel Wahncke'); 
INSERT INTO Department (ID, Dname, Head) VALUES (52, 'Oncology', 'Jackelyn Verbrugge'); 
INSERT INTO Department (ID, Dname, Head) VALUES (53, 'Ophthalmology', 'Tristam Crayke'); 
INSERT INTO Department (ID, Dname, Head) VALUES (54, 'Otolaryngology', 'Alysa Matonin'); 
INSERT INTO Department (ID, Dname, Head) VALUES (55, 'Pain Management', 'Kissiah Longbone'); 
INSERT INTO Department (ID, Dname, Head) VALUES (56, 'Physiotherapy', 'Woodie Wildman'); 
INSERT INTO Department (ID, Dname, Head) VALUES (57, 'Purchasing', 'Gladys Angelini'); 
INSERT INTO Department (ID, Dname, Head) VALUES (58, 'Supplies', 'Brendin McGovern'); 
INSERT INTO Department (ID, Dname, Head) VALUES (59, 'Radiotherapy', 'Aimil Rohlfing'); 
INSERT INTO Department (ID, Dname, Head) VALUES (60, 'Renal', 'Manuel Broseman'); 
INSERT INTO Department (ID, Dname, Head) VALUES (61, 'Rheumatology', 'Dulcy Iamittii'); 
INSERT INTO Department (ID, Dname, Head) VALUES (62, 'Sexual Health', 'Lurlene Weddeburn'); 
INSERT INTO Department (ID, Dname, Head) VALUES (63, 'Paramedical', 'Kendrick Snelgrove'); 
INSERT INTO Department (ID, Dname, Head) VALUES (64, 'Physical Medicine', 'Hillary Simmank'); 
INSERT INTO Department (ID, Dname, Head) VALUES (65, 'Non-professional Department', 'Hildagard Geldeard'); 
INSERT INTO Department (ID, Dname, Head) VALUES (66, 'Purchasing Department', 'Ewart Aldrin'); 
INSERT INTO Department (ID, Dname, Head) VALUES (67, 'Personnel Department', 'Wallis Barok'); 
INSERT INTO Department (ID, Dname, Head) VALUES (68, 'Emergency', 'Jolee Spinella'); 
INSERT INTO Department (ID, Dname, Head) VALUES (69, 'Trauma center', 'Joellen Duker'); 
INSERT INTO Department (ID, Dname, Head) VALUES (70, 'Health Care', 'Geordie Card'); 
INSERT INTO Department (ID, Dname, Head) VALUES (71, 'Training', 'Ellerey Chorlton'); 
INSERT INTO Department (ID, Dname, Head) VALUES (72, 'Nuclear', 'Hali Patemore'); 
INSERT INTO Department (ID, Dname, Head) VALUES (73, 'Maintenance', 'Esteban Devenny'); 
INSERT INTO Department (ID, Dname, Head) VALUES (74, 'Geriatrics', 'Xenia Zisneros'); 
INSERT INTO Department (ID, Dname, Head) VALUES (75, 'Obstetric', 'Shirl Milillo'); 
INSERT INTO Department (ID, Dname, Head) VALUES (76, 'Transplantation', 'Jobi Kaubisch'); 
INSERT INTO Department (ID, Dname, Head) VALUES (77, 'Critical-care', 'Paddie MacIver'); 
INSERT INTO Department (ID, Dname, Head) VALUES (78, 'Laboratory', 'Tandie Gontier'); 
INSERT INTO Department (ID, Dname, Head) VALUES (79, 'Hospitalization', 'Eldredge Goodier'); 
INSERT INTO Department (ID, Dname, Head) VALUES (80, 'Prescription', 'Patricia Tilford'); 
INSERT INTO Department (ID, Dname, Head) VALUES (81, 'Surgical', 'Corissa Bengal'); 
INSERT INTO Department (ID, Dname, Head) VALUES (82, 'Nutritional', 'Cymbre Mewitt'); 
INSERT INTO Department (ID, Dname, Head) VALUES (83, 'Mental Health', 'Baillie Stops'); 
INSERT INTO Department (ID, Dname, Head) VALUES (84, 'Genetic test', 'Koral Pirdy'); 
INSERT INTO Department (ID, Dname, Head) VALUES (85, 'Dental', 'Kamillah Silbert'); 
INSERT INTO Department (ID, Dname, Head) VALUES (86, 'Surgical', 'Dolly Wolfenden'); 
INSERT INTO Department (ID, Dname, Head) VALUES (87, 'Disordering', 'Winslow Tallyn'); 
INSERT INTO Department (ID, Dname, Head) VALUES (88, 'Behavioral', 'Seward Kennard'); 
INSERT INTO Department (ID, Dname, Head) VALUES (89, 'Dentistry', 'Gilli Aleswell'); 
INSERT INTO Department (ID, Dname, Head) VALUES (90, 'Dermatology', 'Toma Wordesworth'); 
INSERT INTO Department (ID, Dname, Head) VALUES (91, 'Dispensary', 'Lindsy Menzies'); 
INSERT INTO Department (ID, Dname, Head) VALUES (92, 'Facilities', 'Penelope Twiddy'); 
INSERT INTO Department (ID, Dname, Head) VALUES (93, 'Chaplaincy', 'Idaline Meaden'); 
INSERT INTO Department (ID, Dname, Head) VALUES (94, 'Neonatal unit', 'Ryon Ricciardello'); 
INSERT INTO Department (ID, Dname, Head) VALUES (95, 'Renal unity', 'Clair Durram'); 
INSERT INTO Department (ID, Dname, Head) VALUES (96, 'Rheumatology', 'Renelle Whacket'); 
INSERT INTO Department (ID, Dname, Head) VALUES (97, 'Corrective Department', 'Rhona Dunican'); 
INSERT INTO Department (ID, Dname, Head) VALUES (98, 'Properative', 'Norah Coverley'); 
INSERT INTO Department (ID, Dname, Head) VALUES (99, 'Medical Treatment', 'Querida Padell'); 
INSERT INTO Department (ID, Dname, Head) VALUES (100, 'Profit', 'Washington Christon');


______________________________________________________________________________________________________________________________________________________________________________________


CREATE TABLE NURSE(
     N_ID INT,
     Name Varchar(50),
     Position Varchar(50),
     Salary INT,
     PRIMARY KEY(N_ID)
);


INSERT INTO Nurse (N_ID, Name, Position, Salary) VALUES (101, 'Kennan Wickie', 'Operating room nurse', 369);
INSERT INTO Nurse (N_ID, Name, Position, Salary) VALUES (102, 'Merna Sirkett', 'Radiology nurse', 662);
INSERT INTO Nurse (N_ID, Name, Position, Salary) VALUES (103, 'Lothario Costin', 'Urology nurse', 573);
INSERT INTO Nurse (N_ID, Name, Position, Salary) VALUES (104, 'Hana Elders', 'Sexual Health nurse', 253);
INSERT INTO Nurse (N_ID, Name, Position, Salary) VALUES (105, 'Sibel FitzGeorge', 'Cardiology nurse', 389);
INSERT INTO Nurse (N_ID, Name, Position, Salary) VALUES (106, 'Tabbatha Benedit', 'Pediatric nurse', 224);
INSERT INTO Nurse (N_ID, Name, Position, Salary) VALUES (107, 'Barn Bonnick', 'Paramedical nurse', 781);
INSERT INTO Nurse (N_ID, Name, Position, Salary) VALUES (108, 'Peria Mertel', 'ENT nurse', 259);
INSERT INTO Nurse (N_ID, Name, Position, Salary) VALUES (109, 'Deck Defries', 'Trauma center nurse', 166);
INSERT INTO Nurse (N_ID, Name, Position, Salary) VALUES (110, 'Edvard Gilstin', 'Radiology nurse', 429);
INSERT INTO Nurse (N_ID, Name, Position, Salary) VALUES (111, 'Rennie Erridge', 'Sexual Health nurse', 147);
INSERT INTO Nurse (N_ID, Name, Position, Salary) VALUES (112, 'Willi Merrill', 'Haematology nurse', 164);
INSERT INTO Nurse (N_ID, Name, Position, Salary) VALUES (113, 'Kerr Chatt', 'Paramedical nurse', 175);
INSERT INTO Nurse (N_ID, Name, Position, Salary) VALUES (114, 'Cesya Ziebart', 'Nutrition  dietetics nurse', 669);
INSERT INTO Nurse (N_ID, Name, Position, Salary) VALUES (115, 'Rene Oddey', 'Pediatric nurse', 667);
INSERT INTO Nurse (N_ID, Name, Position, Salary) VALUES (116, 'Reinold Redmayne', 'Infection nurse', 585);
INSERT INTO Nurse (N_ID, Name, Position, Salary) VALUES (117, 'Eddy Kahler', 'Pediatric nurse', 347);
INSERT INTO Nurse (N_ID, Name, Position, Salary) VALUES (118, 'Phil Stoffler', 'Nutrition  dietetics nurse', 197);
INSERT INTO Nurse (N_ID, Name, Position, Salary) VALUES (119, 'Wendie Celle', 'CCU nurse', 200);
INSERT INTO Nurse (N_ID, Name, Position, Salary) VALUES (120, 'Gustavus Firle', 'Radiology nurse', 334);
INSERT INTO Nurse (N_ID, Name, Position, Salary) VALUES (121, 'Venus Pawel', 'Psychiatry nurse', 651);
INSERT INTO Nurse (N_ID, Name, Position, Salary) VALUES (122, 'Merle Dugget', 'Infection nurse', 314);
INSERT INTO Nurse (N_ID, Name, Position, Salary) VALUES (123, 'Daron Keigher', 'Opthalmology nurse', 468);
INSERT INTO Nurse (N_ID, Name, Position, Salary) VALUES (124, 'Tildy Sextie', 'Operating room nurse', 722);
INSERT INTO Nurse (N_ID, Name, Position, Salary) VALUES (125, 'Sandye Buxy', 'Trauma center nurse', 364);
INSERT INTO Nurse (N_ID, Name, Position, Salary) VALUES (126, 'Sherilyn Songist', 'CCU nurse', 403);
INSERT INTO Nurse (N_ID, Name, Position, Salary) VALUES (127, 'Theo Golden', 'Pain Management nurse', 346);
INSERT INTO Nurse (N_ID, Name, Position, Salary) VALUES (128, 'Elsy McGrayle', 'Urology nurse', 756);
INSERT INTO Nurse (N_ID, Name, Position, Salary) VALUES (129, 'Dasha Toffler', 'Nutrition  dietetics nurse', 136);
INSERT INTO Nurse (N_ID, Name, Position, Salary) VALUES (130, 'Susanetta Treuge', 'Orthopaedic nurse', 393);
INSERT INTO Nurse (N_ID, Name, Position, Salary) VALUES (131, 'Dode Soaper', 'Rheumatology nurse', 480);
INSERT INTO Nurse (N_ID, Name, Position, Salary) VALUES (132, 'Hercule Levay', 'Emergency nurse', 667);
INSERT INTO Nurse (N_ID, Name, Position, Salary) VALUES (133, 'Sandie Cordey', 'Oncology nurse', 278);
INSERT INTO Nurse (N_ID, Name, Position, Salary) VALUES (134, 'Packston Climo', 'Pain Management nurse', 169);
INSERT INTO Nurse (N_ID, Name, Position, Salary) VALUES (135, 'Levey Biggen', 'Paramedical nurse', 192);
INSERT INTO Nurse (N_ID, Name, Position, Salary) VALUES (136, 'Walton Gallienne', 'Psychiatry nurse', 127);
INSERT INTO Nurse (N_ID, Name, Position, Salary) VALUES (137, 'Erin Freegard', 'Oncology nurse', 592);
INSERT INTO Nurse (N_ID, Name, Position, Salary) VALUES (138, 'Rayner Twinbourne', 'Infection nurse', 245);
INSERT INTO Nurse (N_ID, Name, Position, Salary) VALUES (139, 'Fawn Gerdts', 'Gynaecology nurse', 781);
INSERT INTO Nurse (N_ID, Name, Position, Salary) VALUES (140, 'Dewie Perris', 'Opthalmology nurse', 347);
INSERT INTO Nurse (N_ID, Name, Position, Salary) VALUES (141, 'Cynthea Pickles', 'Transplantation nurse', 467);
INSERT INTO Nurse (N_ID, Name, Position, Salary) VALUES (142, 'Verena Reichelt', 'Gastroenterology nurse', 174);
INSERT INTO Nurse (N_ID, Name, Position, Salary) VALUES (143, 'Kathye Greeno', 'Mental Health nurse', 136);
INSERT INTO Nurse (N_ID, Name, Position, Salary) VALUES (144, 'Janessa Hofler', 'Trauma center nurse', 572);
INSERT INTO Nurse (N_ID, Name, Position, Salary) VALUES (145, 'Brocky Withringten', 'Laboratory nurse', 566);
INSERT INTO Nurse (N_ID, Name, Position, Salary) VALUES (146, 'Rasia Beeres', 'Gastroenterology nurse', 771);
INSERT INTO Nurse (N_ID, Name, Position, Salary) VALUES (147, 'Mill Rosbrough', 'Orthopaedic nurse', 752);
INSERT INTO Nurse (N_ID, Name, Position, Salary) VALUES (148, 'Tommy MacPaike', 'Pediatric nurse', 319);
INSERT INTO Nurse (N_ID, Name, Position, Salary) VALUES (149, 'Caldwell Tuberfield', 'Haematology nurse', 496);
INSERT INTO Nurse (N_ID, Name, Position, Salary) VALUES (150, 'Jayson Bramble', 'CCU nurse', 459);
INSERT INTO Nurse (N_ID, Name, Position, Salary) VALUES (151, 'Etty Battison', 'Surgical nurse', 647);
INSERT INTO Nurse (N_ID, Name, Position, Salary) VALUES (152, 'Leela Davidow', 'Gynaecology nurse', 711);
INSERT INTO Nurse (N_ID, Name, Position, Salary) VALUES (153, 'Archaimbaud Bromfield', 'CCU nurse', 341);
INSERT INTO Nurse (N_ID, Name, Position, Salary) VALUES (154, 'Renaud Klasen', 'Gastroenterology nurse', 471);
INSERT INTO Nurse (N_ID, Name, Position, Salary) VALUES (155, 'Lanny Narup', 'Orthopaedic nurse', 514);
INSERT INTO Nurse (N_ID, Name, Position, Salary) VALUES (156, 'Myrlene Litherborough', 'Infection nurse', 158);
INSERT INTO Nurse (N_ID, Name, Position, Salary) VALUES (157, 'Georgi Boddy', 'Neurology nurse', 172);
INSERT INTO Nurse (N_ID, Name, Position, Salary) VALUES (158, 'Inna Filov', 'Obstetric nurse', 223);
INSERT INTO Nurse (N_ID, Name, Position, Salary) VALUES (159, 'Gus Horburgh', 'Emergency nurse', 615);
INSERT INTO Nurse (N_ID, Name, Position, Salary) VALUES (160, 'Calli Colmore', 'Dermatology nurse', 404);
INSERT INTO Nurse (N_ID, Name, Position, Salary) VALUES (161, 'Ado Straine', 'Obstetric nurse', 261);
INSERT INTO Nurse (N_ID, Name, Position, Salary) VALUES (162, 'Hewie Edgson', 'Geriatrics nurse', 350);
INSERT INTO Nurse (N_ID, Name, Position, Salary) VALUES (165, 'Joyous Palffrey', 'Pediatric nurse', 544);
INSERT INTO Nurse (N_ID, Name, Position, Salary) VALUES (166, 'Calli Hanscombe', 'Psychiatry nurse', 651);
INSERT INTO Nurse (N_ID, Name, Position, Salary) VALUES (167, 'Niels Kraut', 'Laboratory nurse', 131);
INSERT INTO Nurse (N_ID, Name, Position, Salary) VALUES (168, 'Say Scawn', 'Hospitalization nurse', 712);
INSERT INTO Nurse (N_ID, Name, Position, Salary) VALUES (169, 'Goldia Brister', 'Rheumatology nurse', 187);
INSERT INTO Nurse (N_ID, Name, Position, Salary) VALUES (170, 'Lenette Coope', 'Infection nurse', 344);
INSERT INTO Nurse (N_ID, Name, Position, Salary) VALUES (171, 'Lannie Edmeads', 'Mental Health nurse', 599);
INSERT INTO Nurse (N_ID, Name, Position, Salary) VALUES (172, 'Rollie Brownill', 'Gynaecology nurse', 471);
INSERT INTO Nurse (N_ID, Name, Position, Salary) VALUES (173, 'Margret Van der Beken', 'Haematology nurse', 464);
INSERT INTO Nurse (N_ID, Name, Position, Salary) VALUES (174, 'Elie Hurl', 'Orthopaedic nurse', 506);
INSERT INTO Nurse (N_ID, Name, Position, Salary) VALUES (175, 'Wendie Gare', 'Laboratory nurse', 157);
INSERT INTO Nurse (N_ID, Name, Position, Salary) VALUES (176, 'Halsey Shallcroff', 'Pediatric nurse', 618);
INSERT INTO Nurse (N_ID, Name, Position, Salary) VALUES (177, 'Hodge Garfield', 'Surgical nurse ', 316);
INSERT INTO Nurse (N_ID, Name, Position, Salary) VALUES (178, 'Merola Fraczak', 'Laboratory nurse', 714);
INSERT INTO Nurse (N_ID, Name, Position, Salary) VALUES (179, 'Penny Avey', 'Oncology nurse', 737);
INSERT INTO Nurse (N_ID, Name, Position, Salary) VALUES (180, 'Brenn Horbath', 'Haematology nurse', 259);
INSERT INTO Nurse (N_ID, Name, Position, Salary) VALUES (181, 'Farand Fulun', 'Rheumatology nurse', 117);
INSERT INTO Nurse (N_ID, Name, Position, Salary) VALUES (182, 'Coriss Hendrich', 'Gastroenterology nurse', 651);
INSERT INTO Nurse (N_ID, Name, Position, Salary) VALUES (183, 'Nadia Benedetti', 'Hospitalization nurse', 615);
INSERT INTO Nurse (N_ID, Name, Position, Salary) VALUES (184, 'Elnora Tzuker', 'Operating room nurse', 128);
INSERT INTO Nurse (N_ID, Name, Position, Salary) VALUES (185, 'Lorrin Chidzoy', 'Mental Health nurse', 707);
INSERT INTO Nurse (N_ID, Name, Position, Salary) VALUES (186, 'Pat Yorath', 'Emergency nurse', 189);
INSERT INTO Nurse (N_ID, Name, Position, Salary) VALUES (187, 'Linnet Birchill', 'Laboratory nurse', 567);
INSERT INTO Nurse (N_ID, Name, Position, Salary) VALUES (188, 'Bryana Barkhouse', 'Dermatology nurse', 214);
INSERT INTO Nurse (N_ID, Name, Position, Salary) VALUES (189, 'Tobe Olsen', 'Geriatrics nurse', 100);
INSERT INTO Nurse (N_ID, Name, Position, Salary) VALUES (190, 'Claus Fleis', 'Surgical nurse', 657);
INSERT INTO Nurse (N_ID, Name, Position, Salary) VALUES (191, 'Anna-diana Fantham', 'Hospitalization nurse', 353);
INSERT INTO Nurse (N_ID, Name, Position, Salary) VALUES (192, 'Fabio Shallcross', 'Neurology nurse', 303);
INSERT INTO Nurse (N_ID, Name, Position, Salary) VALUES (193, 'Eddy Stoggles', 'Psychiatry nurse', 601);
INSERT INTO Nurse (N_ID, Name, Position, Salary) VALUES (194, 'Lorene Sager', 'Obstetric nurse', 180);
INSERT INTO Nurse (N_ID, Name, Position, Salary) VALUES (195, 'Fabien Hastelow', 'Dermatology nurse', 691);
INSERT INTO Nurse (N_ID, Name, Position, Salary) VALUES (196, 'Shaine Lecount', 'Oncology nurse', 106);
INSERT INTO Nurse (N_ID, Name, Position, Salary) VALUES (197, 'Anson Southerton', 'Geriatrics nurse', 342);
INSERT INTO Nurse (N_ID, Name, Position, Salary) VALUES (198, 'Christoph O\Heagertie', 'Neurology nurse', 455);
INSERT INTO Nurse (N_ID, Name, Position, Salary) VALUES (199, 'Nannie Devenish', 'Gynaecology nurse', 289);
INSERT INTO Nurse (N_ID, Name, Position, Salary) VALUES (200, 'Aland Burdus', 'Orthopaedic nurse', 781);
INSERT INTO Nurse (N_ID, Name, Position, Salary) VALUES (201, 'Kennan Wickie', 'Operating room nurse', 369);
INSERT INTO Nurse (N_ID, Name, Position, Salary) VALUES (202, 'Calli Hanscombe', 'Psychiatry nurse', 651);


_____________________________________________________________________________________________________________________________________________________________________________________


Create table Doctor ( 
    D_ID INT, 
    Name VARCHAR(50), 
    Position VARCHAR(50), 
    Salary INT,
    PRIMARY KEY(D_ID)
);


INSERT INTO DOCTOR (D_ID, Name, Position, Salary) VALUES (200, 'Joanie Glandon', 'Orthopaedic', 781),
INSERT INTO DOCTOR (D_ID, Name, Position, Salary) VALUES (203, 'Chaunce Meaders', 'head of Casualty department', 369),
INSERT INTO DOCTOR (D_ID, Name, Position, Salary) VALUES (204, 'Skipp Mattschas', 'Sexual Health', 253),
INSERT INTO DOCTOR (D_ID, Name, Position, Salary) VALUES (205, 'Melba Knightsbridge', 'Cardiology', 389),
INSERT INTO DOCTOR (D_ID, Name, Position, Salary) VALUES (206, 'Pen Reynault', 'Pediatric', 224),
INSERT INTO DOCTOR (D_ID, Name, Position, Salary) VALUES (207, 'Joshuah McConachie', 'Paramedical', 781),
INSERT INTO DOCTOR (D_ID, Name, Position, Salary) VALUES (208, 'ThereseGoodboddy', 'head of Anesthesiology department', 259),
INSERT INTO DOCTOR (D_ID, Name, Position, Salary) VALUES (209, 'Alon Preshous', 'Trauma center', 166),
INSERT INTO DOCTOR (D_ID, Name, Position, Salary) VALUES (210, 'Donna Pitone', 'Radiology', 429),
INSERT INTO DOCTOR (D_ID, Name, Position, Salary) VALUES (211, 'Lanni Dulson', 'Sexual Health', 147),
INSERT INTO DOCTOR (D_ID, Name, Position, Salary) VALUES (212, 'Hermie Gatcliff', 'Haematology', 164),
INSERT INTO DOCTOR (D_ID, Name, Position, Salary) VALUES (213, 'Rosy Castells', 'Paramedical', 175),
INSERT INTO DOCTOR (D_ID, Name, Position, Salary) VALUES (214, 'Gibb Robardey', 'head of Cardiology department', 669),
INSERT INTO DOCTOR (D_ID, Name, Position, Salary) VALUES (215, 'Jo-anne Berridge', 'Pediatric', 667),
INSERT INTO DOCTOR (D_ID, Name, Position, Salary) VALUES (216, 'Francine Britzius', 'Infection', 585),
INSERT INTO DOCTOR (D_ID, Name, Position, Salary) VALUES (217, 'Timoteo Habbeshaw', 'Pediatric', 347),
INSERT INTO DOCTOR (D_ID, Name, Position, Salary) VALUES (218, 'Tallie Matasov', 'Nutrition  dietetics', 197),
INSERT INTO DOCTOR (D_ID, Name, Position, Salary) VALUES (219, 'Brittan Cumes', 'CCU', 200),
INSERT INTO DOCTOR (D_ID, Name, Position, Salary) VALUES (220, 'Sig Silcock', 'Radiology', 334),
INSERT INTO DOCTOR (D_ID, Name, Position, Salary) VALUES (221, 'Myrvyn Cage', 'head of ENT department', 651),
INSERT INTO DOCTOR (D_ID, Name, Position, Salary) VALUES (222, 'Tiffy Surtees', 'Infection', 314),
INSERT INTO DOCTOR (D_ID, Name, Position, Salary) VALUES (223, 'Natty Menichino', 'Opthalmology', 468),
INSERT INTO DOCTOR (D_ID, Name, Position, Salary) VALUES (224, 'Stacie Sedcole', 'Operating room', 722),
INSERT INTO DOCTOR (D_ID, Name, Position, Salary) VALUES (225, 'Kelly Ginnelly', 'Geriatric department', 364),
INSERT INTO DOCTOR (D_ID, Name, Position, Salary) VALUES (226, 'Genvieve Ferroni', 'CCU', 403),
INSERT INTO DOCTOR (D_ID, Name, Position, Salary) VALUES (227, 'Siffre Craisford', 'Pain Management', 346),
INSERT INTO DOCTOR (D_ID, Name, Position, Salary) VALUES (228, 'Eb Mewton', 'Urology', 756),
INSERT INTO DOCTOR (D_ID, Name, Position, Salary) VALUES (229, 'Loren MacCombe', 'head of Loren MacCombe', 136),
INSERT INTO DOCTOR (D_ID, Name, Position, Salary) VALUES (230, 'Oran Cadding', 'Orthopaedic', 393),
INSERT INTO DOCTOR (D_ID, Name, Position, Salary) VALUES (231, 'Harwell Mayling', 'Rheumatology', 480),
INSERT INTO DOCTOR (D_ID, Name, Position, Salary) VALUES (232, 'Sibylla Holliar', 'Emergency', 667),
INSERT INTO DOCTOR (D_ID, Name, Position, Salary) VALUES (233, 'Susy Whicher', 'Oncology', 278),
INSERT INTO DOCTOR (D_ID, Name, Position, Salary) VALUES (234, 'Harmony Cammiemile', 'Pediatrics department', 169),
INSERT INTO DOCTOR (D_ID, Name, Position, Salary) VALUES (235, 'Patrice Krysiak', 'Paramedical', 192),
INSERT INTO DOCTOR (D_ID, Name, Position, Salary) VALUES (236, 'Walton Gallienne', 'Psychiatry', 127),
INSERT INTO DOCTOR (D_ID, Name, Position, Salary) VALUES (237, 'Edgar Venneur', 'Oncology', 592),
INSERT INTO DOCTOR (D_ID, Name, Position, Salary) VALUES (238, 'Rayner Twinbourne', 'Infection', 245),
INSERT INTO DOCTOR (D_ID, Name, Position, Salary) VALUES (239, 'Nick Natwick', 'head of Neurology departmen', 781),
INSERT INTO DOCTOR (D_ID, Name, Position, Salary) VALUES (240, 'Minnnie Fussen', 'head of Oncology department', 347),
INSERT INTO DOCTOR (D_ID, Name, Position, Salary) VALUES (241, 'Cynthea Pickles', 'Transplantation', 467),
INSERT INTO DOCTOR (D_ID, Name, Position, Salary) VALUES (242, 'Verena Reichelt', 'Gastroenterology', 174),
INSERT INTO DOCTOR (D_ID, Name, Position, Salary) VALUES (243, 'Deborah Hendrickx', 'head of Opthalmology department', 136),
INSERT INTO DOCTOR (D_ID, Name, Position, Salary) VALUES (244, 'Miguelita Lehenmann', 'Trauma center', 572),
INSERT INTO DOCTOR (D_ID, Name, Position, Salary) VALUES (245, 'Brocky Withringten', 'Laboratory', 566),
INSERT INTO DOCTOR (D_ID, Name, Position, Salary) VALUES (246, 'Vivi Euesden', 'Gastroenterology', 771),
INSERT INTO DOCTOR (D_ID, Name, Position, Salary) VALUES (247, 'Mill Rosbrough', 'Orthopaedic', 752),
INSERT INTO DOCTOR (D_ID, Name, Position, Salary) VALUES (248, 'Tommy MacPaike', 'Pediatric', 319),
INSERT INTO DOCTOR (D_ID, Name, Position, Salary) VALUES (249, 'Caldwell Tuberfield', 'Haematology', 496),
INSERT INTO DOCTOR (D_ID, Name, Position, Salary) VALUES (250, 'Ofelia Chrystal', 'head of Orthopaedic department', 459),
INSERT INTO DOCTOR (D_ID, Name, Position, Salary) VALUES (251, 'Aline Mosson', 'Surgical', 647),
INSERT INTO DOCTOR (D_ID, Name, Position, Salary) VALUES (252, 'Leela Davidow', 'Gynaecology', 711),
INSERT INTO DOCTOR (D_ID, Name, Position, Salary) VALUES (253, 'Malia Bernardot', 'CCU', 341),
INSERT INTO DOCTOR (D_ID, Name, Position, Salary) VALUES (254, 'Renaud Klasen', 'Gastroenterology', 471),
INSERT INTO DOCTOR (D_ID, Name, Position, Salary) VALUES (255, 'Lanny Narup', 'Orthopaedic', 514),
INSERT INTO DOCTOR (D_ID, Name, Position, Salary) VALUES (256, 'Clementius Mallya', 'Infection', 158),
INSERT INTO DOCTOR (D_ID, Name, Position, Salary) VALUES (257, 'Georgi Boddy', 'Neurology', 172),
INSERT INTO DOCTOR (D_ID, Name, Position, Salary) VALUES (258, 'Orville Garman', 'Obstetric', 223),
INSERT INTO DOCTOR (D_ID, Name, Position, Salary) VALUES (259, 'Allin Feitosa', 'head of Urology department', 615),
INSERT INTO DOCTOR (D_ID, Name, Position, Salary) VALUES (260, 'Alfy Epinay', 'Dermatology', 404),
INSERT INTO DOCTOR (D_ID, Name, Position, Salary) VALUES (261, 'Sauveur Lowmass', 'Obstetric', 261),
INSERT INTO DOCTOR (D_ID, Name, Position, Salary) VALUES (262, 'Charis Clashe', 'head of Nephrology', 350),
INSERT INTO DOCTOR (D_ID, Name, Position, Salary) VALUES (263, 'Katey Plastow', 'Transplantation', 450),
INSERT INTO DOCTOR (D_ID, Name, Position, Salary) VALUES (264, 'Felice Killingbeck', 'Pediatric', 282),
INSERT INTO DOCTOR (D_ID, Name, Position, Salary) VALUES (265, 'Meredeth Huke', 'Pediatric', 544),
INSERT INTO DOCTOR (D_ID, Name, Position, Salary) VALUES (266, 'Haleigh Castelletto', 'head of Psychiatry department', 651),
INSERT INTO DOCTOR (D_ID, Name, Position, Salary) VALUES (267, 'Delia Kenton', 'head of Clinical department', 131),
INSERT INTO DOCTOR (D_ID, Name, Position, Salary) VALUES (268, 'Roselle Losty', 'Hospitalization', 712),
INSERT INTO DOCTOR (D_ID, Name, Position, Salary) VALUES (269, 'Denise McGorley', 'Rheumatology', 187),
INSERT INTO DOCTOR (D_ID, Name, Position, Salary) VALUES (270, 'AChip Chree', 'Infection', 344),
INSERT INTO DOCTOR (D_ID, Name, Position, Salary) VALUES (271, 'Torrin Davidde', 'Mental Health', 599),
INSERT INTO DOCTOR (D_ID, Name, Position, Salary) VALUES (272, 'Scarlet Brosoli', 'head of Burn Center (Burn Unit or Burns Unit)', 471),
INSERT INTO DOCTOR (D_ID, Name, Position, Salary) VALUES (273, 'Giustino Yeldham', 'Haematology', 464),
INSERT INTO DOCTOR (D_ID, Name, Position, Salary) VALUES (274, 'Linda Harring', 'Orthopaedic', 506),
INSERT INTO DOCTOR (D_ID, Name, Position, Salary) VALUES (275, 'Clem Richie', 'Laboratory', 157),
INSERT INTO DOCTOR (D_ID, Name, Position, Salary) VALUES (276, 'Alis Elland', 'Pediatric', 618),
INSERT INTO DOCTOR (D_ID, Name, Position, Salary) VALUES (277, 'Psychiatry department', 'head of Psychiatry department', 316),
INSERT INTO DOCTOR (D_ID, Name, Position, Salary) VALUES (278, 'Dorette Filan', 'Laboratory', 714),
INSERT INTO DOCTOR (D_ID, Name, Position, Salary) VALUES (279, 'Sibylla Scandrite', 'Oncology', 737),
INSERT INTO DOCTOR (D_ID, Name, Position, Salary) VALUES (280, 'Prudy Odda', 'Haematology', 259),
INSERT INTO DOCTOR (D_ID, Name, Position, Salary) VALUES (281, 'Reagen Bonwick', 'Rheumatology', 117),
INSERT INTO DOCTOR (D_ID, Name, Position, Salary) VALUES (282, 'Ellynn Fabry', 'head of Outpatient Department (OPD)', 651),
INSERT INTO DOCTOR (D_ID, Name, Position, Salary) VALUES (283, 'Teddi Perrigo', 'head of Orthopaedics', 615),
INSERT INTO DOCTOR (D_ID, Name, Position, Salary) VALUES (284, 'Brit Luckin', 'Operating room', 128),
INSERT INTO DOCTOR (D_ID, Name, Position, Salary) VALUES (285, 'Ezri Morden', 'Mental Health', 707),
INSERT INTO DOCTOR (D_ID, Name, Position, Salary) VALUES (286, 'Mohammed Harnes', 'Emergency', 189),
INSERT INTO DOCTOR (D_ID, Name, Position, Salary) VALUES (287, 'Michaelina Avery', 'Laboratory', 567),
INSERT INTO DOCTOR (D_ID, Name, Position, Salary) VALUES (288, 'Annmaria McCallister', 'Nursing Department', 214),
INSERT INTO DOCTOR (D_ID, Name, Position, Salary) VALUES (289, 'Tab Galier', 'Geriatrics', 100),
INSERT INTO DOCTOR (D_ID, Name, Position, Salary) VALUES (290, 'Arlin Helm', 'Surgical', 657),
INSERT INTO DOCTOR (D_ID, Name, Position, Salary) VALUES (291, 'Cati Iannini', 'Hospitalization', 353),
INSERT INTO DOCTOR (D_ID, Name, Position, Salary) VALUES (292, 'Jilli Mompesson', 'Neurology', 303),
INSERT INTO DOCTOR (D_ID, Name, Position, Salary) VALUES (293, 'Tabor Hazlegrove', 'head of Radiology Department', 601),
INSERT INTO DOCTOR (D_ID, Name, Position, Salary) VALUES (294, 'Dieter Tottle', 'Obstetric', 180),
INSERT INTO DOCTOR (D_ID, Name, Position, Salary) VALUES (295, 'Desmund Bulford', 'Dermatology', 691),
INSERT INTO DOCTOR (D_ID, Name, Position, Salary) VALUES (296, 'Catharine Rozenzweig', 'Oncology', 106),
INSERT INTO DOCTOR (D_ID, Name, Position, Salary) VALUES (297, 'Mara Telford', 'Geriatrics', 342),
INSERT INTO DOCTOR (D_ID, Name, Position, Salary) VALUES (298, 'Crin Spleving', 'head of Nutrition  dietetics', 455),
INSERT INTO DOCTOR (D_ID, Name, Position, Salary) VALUES (299, 'Vince Case', 'Gynaecology', 289),
INSERT INTO DOCTOR (D_ID, Name, Position, Salary) VALUES (300, 'Carmen Donnelly', 'head of Intensive care unit (ICU)', 573),
INSERT INTO DOCTOR (D_ID, Name, Position, Salary) VALUES (301, 'Bethanne Wyche', 'head of Operating theatre (OT)', 662);



______________________________________________________________________________________________________________________________________________________________________________________



CREATE TABLE MedicalRecords(
     P_ID INT,
     D_ID INT,
     Service Varchar(50),
     Settled Varchar(50),
     MovedOut Varchar(50),
     FOREIGN KEY(P_ID, D_ID) REFERENCES Patient(P_ID), Doctor(D_ID)
);

INSERT INTO MedicalRecords (P_ID, D_ID, Service, Settled, MoveOut) VALUES (1, 200, 'Yes', '27/10/2020', '31/12/2021'); 
INSERT INTO MedicalRecords (P_ID, D_ID, Service, Settled, MoveOut) VALUES (2, 203, 'Yes', '28/09/2020', '13/06/2021'); 
INSERT INTO MedicalRecords (P_ID, D_ID, Service, Settled, MoveOut) VALUES (3, 204, 'Yes', '09/01/2021', '29/08/2021'); 
INSERT INTO MedicalRecords (P_ID, D_ID, Service, Settled, MoveOut) VALUES (4, 205, 'Yes', '20/01/2021', '07/09/2021'); 
INSERT INTO MedicalRecords (P_ID, D_ID, Service, Settled, MoveOut) VALUES (5, 300, 'Yes', '10/09/2020', '18/10/2021'); 
INSERT INTO MedicalRecords (P_ID, D_ID, Service, Settled, MoveOut) VALUES (6, 206, 'Yes', '12/09/2020', '13/08/2021'); 
INSERT INTO MedicalRecords (P_ID, D_ID, Service, Settled, MoveOut) VALUES (7, 207, 'Yes', '10/11/2020', '09/01/2022'); 
INSERT INTO MedicalRecords (P_ID, D_ID, Service, Settled, MoveOut) VALUES (8, 208, 'Yes', '15/02/2021', '30/08/2021'); 
INSERT INTO MedicalRecords (P_ID, D_ID, Service, Settled, MoveOut) VALUES (9, 209, 'Yes', '11/02/2021', '08/12/2021'); 
INSERT INTO MedicalRecords (P_ID, D_ID, Service, Settled, MoveOut) VALUES (10, 210, 'No', '07/02/2021', '31/12/2021'); 
INSERT INTO MedicalRecords (P_ID, D_ID, Service, Settled, MoveOut) VALUES (11, 211, 'Yes', '02/09/2020', '13/01/2022'); 
INSERT INTO MedicalRecords (P_ID, D_ID, Service, Settled, MoveOut) VALUES (12, 212, 'Yes', '11/11/2020', '19/10/2021'); 
INSERT INTO MedicalRecords (P_ID, D_ID, Service, Settled, MoveOut) VALUES (13, 213, 'Yes', '05/02/2021', '29/09/2021'); 
INSERT INTO MedicalRecords (P_ID, D_ID, Service, Settled, MoveOut) VALUES (14, 214, 'Yes', '22/11/2020', '13/04/2021'); 
INSERT INTO MedicalRecords (P_ID, D_ID, Service, Settled, MoveOut) VALUES (15, 215, 'Yes', '27/01/2021', '06/08/2021'); 
INSERT INTO MedicalRecords (P_ID, D_ID, Service, Settled, MoveOut) VALUES (16, 216, 'Yes', '16/02/2021', '11/09/2021'); 
INSERT INTO MedicalRecords (P_ID, D_ID, Service, Settled, MoveOut) VALUES (17, 217, 'Yes', '27/02/2021', '22/10/2021'); 
INSERT INTO MedicalRecords (P_ID, D_ID, Service, Settled, MoveOut) VALUES (18, 218, 'Yes', '21/10/2020', '19/12/2021'); 
INSERT INTO MedicalRecords (P_ID, D_ID, Service, Settled, MoveOut) VALUES (19, 219, 'Yes', '23/03/2021', '14/10/2021'); 
INSERT INTO MedicalRecords (P_ID, D_ID, Service, Settled, MoveOut) VALUES (20, 220, 'Yes', '28/02/2021', '09/08/2021'); 
INSERT INTO MedicalRecords (P_ID, D_ID, Service, Settled, MoveOut) VALUES (21, 221, 'Yes', '09/09/2020', '26/08/2021'); 
INSERT INTO MedicalRecords (P_ID, D_ID, Service, Settled, MoveOut) VALUES (22, 222, 'Yes', '14/12/2020', '11/12/2021'); 
INSERT INTO MedicalRecords (P_ID, D_ID, Service, Settled, MoveOut) VALUES (23, 223, 'Yes', '28/12/2020', '26/06/2021'); 
INSERT INTO MedicalRecords (P_ID, D_ID, Service, Settled, MoveOut) VALUES (24, 224, 'Yes', '27/03/2021', '28/05/2021'); 
INSERT INTO MedicalRecords (P_ID, D_ID, Service, Settled, MoveOut) VALUES (25, 225, 'Yes', '17/03/2021', '28/10/2021'); 
INSERT INTO MedicalRecords (P_ID, D_ID, Service, Settled, MoveOut) VALUES (26, 226, 'Yes', '15/09/2020', '13/05/2021'); 
INSERT INTO MedicalRecords (P_ID, D_ID, Service, Settled, MoveOut) VALUES (27, 227, 'Yes', '17/01/2021', '31/12/2021'); 
INSERT INTO MedicalRecords (P_ID, D_ID, Service, Settled, MoveOut) VALUES (28, 228, 'Yes', '26/11/2020', '03/09/2021'); 
INSERT INTO MedicalRecords (P_ID, D_ID, Service, Settled, MoveOut) VALUES (29, 229, 'Yes', '27/02/2021', '24/08/2021'); 
INSERT INTO MedicalRecords (P_ID, D_ID, Service, Settled, MoveOut) VALUES (30, 230, 'Yes', '16/02/2021', '16/11/2021'); 
INSERT INTO MedicalRecords (P_ID, D_ID, Service, Settled, MoveOut) VALUES (31, 231, 'Yes', '27/02/2021', '11/12/2021'); 
INSERT INTO MedicalRecords (P_ID, D_ID, Service, Settled, MoveOut) VALUES (32, 232, 'Yes', '15/10/2020', '23/06/2021'); 
INSERT INTO MedicalRecords (P_ID, D_ID, Service, Settled, MoveOut) VALUES (33, 233, 'Yes', '26/11/2020', '05/07/2021'); 
INSERT INTO MedicalRecords (P_ID, D_ID, Service, Settled, MoveOut) VALUES (34, 234, 'Yes', '11/03/2021', '05/02/2022');
INSERT INTO MedicalRecords (P_ID, D_ID, Service, Settled, MoveOut) VALUES (35, 235, 'No', '29/09/2020', '20/11/2021');
INSERT INTO MedicalRecords (P_ID, D_ID, Service, Settled, MoveOut) VALUES (36, 236, 'Yes', '02/09/2020', '21/11/2021');
INSERT INTO MedicalRecords (P_ID, D_ID, Service, Settled, MoveOut) VALUES (37, 237, 'No', '14/02/2021', '11/07/2021');
INSERT INTO MedicalRecords (P_ID, D_ID, Service, Settled, MoveOut) VALUES (38, 238, 'Yes', '26/01/2021', '17/07/2021');
INSERT INTO MedicalRecords (P_ID, D_ID, Service, Settled, MoveOut) VALUES (39, 239, 'Yes', '02/12/2020', '08/12/2021');
INSERT INTO MedicalRecords (P_ID, D_ID, Service, Settled, MoveOut) VALUES (40, 240, 'No', '09/01/2021', '23/11/2021');
INSERT INTO MedicalRecords (P_ID, D_ID, Service, Settled, MoveOut) VALUES (41, 241, 'Yes', '21/09/2020', '25/10/2021');
INSERT INTO MedicalRecords (P_ID, D_ID, Service, Settled, MoveOut) VALUES (42, 242, 'Yes', '17/12/2020', '03/05/2021');
INSERT INTO MedicalRecords (P_ID, D_ID, Service, Settled, MoveOut) VALUES (43, 243, 'No', '15/03/2021', '22/11/2021');
INSERT INTO MedicalRecords (P_ID, D_ID, Service, Settled, MoveOut) VALUES (44, 244, 'No', '29/01/2021', '29/06/2021');
INSERT INTO MedicalRecords (P_ID, D_ID, Service, Settled, MoveOut) VALUES (45, 245, 'No', '01/03/2021', '02/08/2021');
INSERT INTO MedicalRecords (P_ID, D_ID, Service, Settled, MoveOut) VALUES (46, 246, 'No', '19/10/2020', '25/10/2021');
INSERT INTO MedicalRecords (P_ID, D_ID, Service, Settled, MoveOut) VALUES (47, 247, 'No', '19/01/2021', '24/12/2021');
INSERT INTO MedicalRecords (P_ID, D_ID, Service, Settled, MoveOut) VALUES (48, 248, 'No', '24/02/2021', '12/04/2021');
INSERT INTO MedicalRecords (P_ID, D_ID, Service, Settled, MoveOut) VALUES (49, 249, 'Yes', '02/02/2021', '09/05/2021');
INSERT INTO MedicalRecords (P_ID, D_ID, Service, Settled, MoveOut) VALUES (50, 250, 'No', '14/01/2021', '27/10/2021');
INSERT INTO MedicalRecords (P_ID, D_ID, Service, Settled, MoveOut) VALUES (51, 251, 'No', '21/02/2021', '04/11/2021');
INSERT INTO MedicalRecords (P_ID, D_ID, Service, Settled, MoveOut) VALUES (52, 252, 'Yes', '26/03/2021', '16/07/2021');
INSERT INTO MedicalRecords (P_ID, D_ID, Service, Settled, MoveOut) VALUES (53, 253, 'No', '17/10/2020', '16/01/2022');
INSERT INTO MedicalRecords (P_ID, D_ID, Service, Settled, MoveOut) VALUES (54, 254, 'Yes', '15/09/2020', '17/10/2021');
INSERT INTO MedicalRecords (P_ID, D_ID, Service, Settled, MoveOut) VALUES (55, 255, 'Yes', '04/12/2020', '15/08/2021');
INSERT INTO MedicalRecords (P_ID, D_ID, Service, Settled, MoveOut) VALUES (56, 256, 'No', '14/09/2020', '12/11/2021');
INSERT INTO MedicalRecords (P_ID, D_ID, Service, Settled, MoveOut) VALUES (57, 257, 'No', '20/01/2021', '29/09/2021');
INSERT INTO MedicalRecords (P_ID, D_ID, Service, Settled, MoveOut) VALUES (58, 258, 'Yes', '07/12/2020', '14/08/2021');
INSERT INTO MedicalRecords (P_ID, D_ID, Service, Settled, MoveOut) VALUES (59, 259, 'No', '05/12/2020', '12/11/2021');
INSERT INTO MedicalRecords (P_ID, D_ID, Service, Settled, MoveOut) VALUES (60, 260, 'No', '08/10/2020', '17/10/2021');
INSERT INTO MedicalRecords (P_ID, D_ID, Service, Settled, MoveOut) VALUES (61, 261, 'No', '10/10/2020', '31/01/2022');
INSERT INTO MedicalRecords (P_ID, D_ID, Service, Settled, MoveOut) VALUES (62, 262, 'No', '26/01/2021', '29/08/2021');
INSERT INTO MedicalRecords (P_ID, D_ID, Service, Settled, MoveOut) VALUES (63, 263, 'No', '14/09/2020', '12/09/2021');
INSERT INTO MedicalRecords (P_ID, D_ID, Service, Settled, MoveOut) VALUES (64, 264, 'No', '16/03/2021', '29/10/2021');
INSERT INTO MedicalRecords (P_ID, D_ID, Service, Settled, MoveOut) VALUES (65, 265, 'Yes', '28/12/2020', '02/09/2021');
INSERT INTO MedicalRecords (P_ID, D_ID, Service, Settled, MoveOut) VALUES (66, 266, 'Yes', '19/03/2021', '15/04/2021');
INSERT INTO MedicalRecords (P_ID, D_ID, Service, Settled, MoveOut) VALUES (67, 267, 'Yes', '15/09/2020', '02/12/2021');
INSERT INTO MedicalRecords (P_ID, D_ID, Service, Settled, MoveOut) VALUES (68, 268, 'Yes', '18/03/2021', '21/09/2021');
INSERT INTO MedicalRecords (P_ID, D_ID, Service, Settled, MoveOut) VALUES (69, 269, 'Yes', '25/12/2020', '12/05/2021'); 
INSERT INTO MedicalRecords (P_ID, D_ID, Service, Settled, MoveOut) VALUES (70, 270, 'Yes', '12/03/2021', '12/10/2021'); 
INSERT INTO MedicalRecords (P_ID, D_ID, Service, Settled, MoveOut) VALUES (71, 271, 'Yes', '02/03/2021', '15/04/2021'); 
INSERT INTO MedicalRecords (P_ID, D_ID, Service, Settled, MoveOut) VALUES (72, 272, 'Yes', '05/10/2020', '15/09/2021'); 
INSERT INTO MedicalRecords (P_ID, D_ID, Service, Settled, MoveOut) VALUES (73, 273, 'Yes', '18/10/2020', '01/07/2021'); 
INSERT INTO MedicalRecords (P_ID, D_ID, Service, Settled, MoveOut) VALUES (74, 274, 'Yes', '23/02/2021', '08/09/2021'); 
INSERT INTO MedicalRecords (P_ID, D_ID, Service, Settled, MoveOut) VALUES (75, 275, 'Yes', '21/12/2020', '08/09/2021'); 
INSERT INTO MedicalRecords (P_ID, D_ID, Service, Settled, MoveOut) VALUES (76, 276, 'Yes', '20/01/2021', '15/07/2021'); 
INSERT INTO MedicalRecords (P_ID, D_ID, Service, Settled, MoveOut) VALUES (77, 277, 'No', '12/09/2020', '15/09/2021'); 
INSERT INTO MedicalRecords (P_ID, D_ID, Service, Settled, MoveOut) VALUES (78, 278, 'Yes', '25/12/2020', '23/07/2021'); 
INSERT INTO MedicalRecords (P_ID, D_ID, Service, Settled, MoveOut) VALUES (79, 279, 'Yes', '03/11/2020', '03/07/2021'); 
INSERT INTO MedicalRecords (P_ID, D_ID, Service, Settled, MoveOut) VALUES (80, 280, 'Yes', '18/12/2020', '01/12/2021'); 
INSERT INTO MedicalRecords (P_ID, D_ID, Service, Settled, MoveOut) VALUES (81, 281, 'Yes', '20/10/2020', '12/09/2021'); 
INSERT INTO MedicalRecords (P_ID, D_ID, Service, Settled, MoveOut) VALUES (82, 282, 'Yes', '21/09/2020', '05/11/2021'); 
INSERT INTO MedicalRecords (P_ID, D_ID, Service, Settled, MoveOut) VALUES (83, 283, 'Yes', '16/11/2020', '15/08/2021'); 
INSERT INTO MedicalRecords (P_ID, D_ID, Service, Settled, MoveOut) VALUES (84, 284, 'Yes', '29/01/2021', '11/09/2021'); 
INSERT INTO MedicalRecords (P_ID, D_ID, Service, Settled, MoveOut) VALUES (85, 285, 'Yes', '06/09/2020', '30/10/2021'); 
INSERT INTO MedicalRecords (P_ID, D_ID, Service, Settled, MoveOut) VALUES (86, 286, 'Yes', '15/02/2021', '09/07/2021'); 
INSERT INTO MedicalRecords (P_ID, D_ID, Service, Settled, MoveOut) VALUES (87, 287, 'Yes', '27/09/2020', '10/07/2021'); 
INSERT INTO MedicalRecords (P_ID, D_ID, Service, Settled, MoveOut) VALUES (88, 288, 'Yes', '22/11/2020', '25/11/2021'); 
INSERT INTO MedicalRecords (P_ID, D_ID, Service, Settled, MoveOut) VALUES (89, 289, 'Yes', '26/10/2020', '20/05/2021'); 
INSERT INTO MedicalRecords (P_ID, D_ID, Service, Settled, MoveOut) VALUES (90, 290, 'Yes', '18/10/2020', '08/01/2022'); 
INSERT INTO MedicalRecords (P_ID, D_ID, Service, Settled, MoveOut) VALUES (91, 291, 'Yes', '28/09/2020', '12/08/2021'); 
INSERT INTO MedicalRecords (P_ID, D_ID, Service, Settled, MoveOut) VALUES (92, 292, 'Yes', '24/03/2021', '06/09/2021'); 
INSERT INTO MedicalRecords (P_ID, D_ID, Service, Settled, MoveOut) VALUES (93, 293, 'Yes', '15/11/2020', '17/10/2021'); 
INSERT INTO MedicalRecords (P_ID, D_ID, Service, Settled, MoveOut) VALUES (94, 294, 'Yes', '03/10/2020', '18/12/2021'); 
INSERT INTO MedicalRecords (P_ID, D_ID, Service, Settled, MoveOut) VALUES (95, 295, 'Yes', '30/10/2020', '11/05/2021'); 
INSERT INTO MedicalRecords (P_ID, D_ID, Service, Settled, MoveOut) VALUES (96, 296, 'Yes', '05/03/2021', '17/04/2021'); 
INSERT INTO MedicalRecords (P_ID, D_ID, Service, Settled, MoveOut) VALUES (97, 297, 'Yes', '18/09/2020', '21/11/2021'); 
INSERT INTO MedicalRecords (P_ID, D_ID, Service, Settled, MoveOut) VALUES (98, 298, 'Yes', '11/10/2020', '05/02/2022'); 
INSERT INTO MedicalRecords (P_ID, D_ID, Service, Settled, MoveOut) VALUES (99, 299, 'No', '27/02/2021', '15/04/2021'); 
INSERT INTO MedicalRecords (P_ID, D_ID, Service, Settled, MoveOut) VALUES (100, 301, 'Yes', '13/09/2020', '23/09/2021');
 
 update


______________________________________________________________________________________________________________________________________________________________________________________



CREATE TABLE Patient(
     P_ID Varchar(50) PRIMARY KEY,
     Name Varchar(50),
     Age INT,
     Address Varchar(50),
     Phone INT,
     PRIMARY KEY(P_ID)
);



INSERT INTO Patient (P_ID, Name, Age, Address, Phone) VALUES (1, 'Talia Dilleway', 17, '2 Dottie Road', '521-964-7918'); 
INSERT INTO Patient (P_ID, Name, Age, Address, Phone) VALUES (2, 'Lenna McWilliam', 27, '02 Cottonwood Alley', '813-724-3514'); 
INSERT INTO Patient (P_ID, Name, Age, Address, Phone) VALUES (3, 'Marguerite Elsley', 1, '7 Havey Alley', '694-200-8310'); 
INSERT INTO Patient (P_ID, Name, Age, Address, Phone) VALUES (4, 'Em Mosedale', 37, '257 Kipling Circle', '734-533-7870'); 
INSERT INTO Patient (P_ID, Name, Age, Address, Phone) VALUES (5, 'Rowan Hardstaff', 92, '6 Crownhardt Place', '272-232-4379'); 
INSERT INTO Patient (P_ID, Name, Age, Address, Phone) VALUES (6, 'Charlean Nutley', 37, '15 Cardinal Circle', '180-784-8436'); 
INSERT INTO Patient (P_ID, Name, Age, Address, Phone) VALUES (7, 'Bent Launder', 98, '8731 Kim Plaza', '881-301-5268'); 
INSERT INTO Patient (P_ID, Name, Age, Address, Phone) VALUES (8, 'Adelaida Ionn', 92, '5166 Fieldstone Road', '621-136-0092'); 
INSERT INTO Patient (P_ID, Name, Age, Address, Phone) VALUES (9, 'Fee Caunter', 76, '5 Burning Wood Park', '538-581-4172'); 
INSERT INTO Patient (P_ID, Name, Age, Address, Phone) VALUES (10, 'Bernie Beilby', 46, '71 Sloan Way', '176-382-9260'); 
INSERT INTO Patient (P_ID, Name, Age, Address, Phone) VALUES (11, 'Merwyn Pettendrich', 81, '46 Dapin Center', '320-579-0253'); 
INSERT INTO Patient (P_ID, Name, Age, Address, Phone) VALUES (12, 'Kassey Borgars', 72, '77629 Morning Trail', '777-641-5403'); 
INSERT INTO Patient (P_ID, Name, Age, Address, Phone) VALUES (13, 'Neala Trymme', 10, '92 Clemons Point', '838-190-8720'); 
INSERT INTO Patient (P_ID, Name, Age, Address, Phone) VALUES (14, 'Seward Oselton', 81, '463 Hollow Ridge Way', '529-720-7833'); 
INSERT INTO Patient (P_ID, Name, Age, Address, Phone) VALUES (15, 'Kayley O''Donnelly', 92, '51802 Meadow Vale Pass', '573-343-4857'); 
INSERT INTO Patient (P_ID, Name, Age, Address, Phone) VALUES (16, 'Florenza Rizzillo', 94, '31515 VerYesn Street', '497-267-1045'); 
INSERT INTO Patient (P_ID, Name, Age, Address, Phone) VALUES (17, 'Nathaniel Stilliard', 18, '98 Dunning Avenue', '985-385-1933'); 
INSERT INTO Patient (P_ID, Name, Age, Address, Phone) VALUES (18, 'LeaYesra Lamprey', 68, '9 Sullivan Trail', '634-102-6769'); 
INSERT INTO Patient (P_ID, Name, Age, Address, Phone) VALUES (19, 'Kelley Grahamslaw', 38, '7822 Sutteridge Court', '350-518-3956'); 
INSERT INTO Patient (P_ID, Name, Age, Address, Phone) VALUES (20, 'Sosanna Gransden', 49, '03 Jenna Court', '432-918-7457'); 
INSERT INTO Patient (P_ID, Name, Age, Address, Phone) VALUES (21, 'Cara Brolan', 12, '8 Stuart Trail', '850-248-0697'); 
INSERT INTO Patient (P_ID, Name, Age, Address, Phone) VALUES (22, 'Annabela Bruhnsen', 29, '33 Old Shore Road', '826-976-9490'); 
INSERT INTO Patient (P_ID, Name, Age, Address, Phone) VALUES (23, 'Jacenta Franzolini', 15, '09175 Mariners Cove Lane', '735-221-1567'); 
INSERT INTO Patient (P_ID, Name, Age, Address, Phone) VALUES (24, 'Alvie McCumesky', 79, '5343 Derek Lane', '588-227-1109'); 
INSERT INTO Patient (P_ID, Name, Age, Address, Phone) VALUES (25, 'Inessa Goodboddy', 78, '9 Carberry Trail', '428-712-9667'); 
INSERT INTO Patient (P_ID, Name, Age, Address, Phone) VALUES (26, 'Saraann Parham', 84, '2926 Pearson Park', '508-370-9303'); 
INSERT INTO Patient (P_ID, Name, Age, Address, Phone) VALUES (27, 'Jackie Ratledge', 37, '689 Bluestem Way', '874-872-8525'); 
INSERT INTO Patient (P_ID, Name, Age, Address, Phone) VALUES (28, 'Melania Filmer', 34, '3995 Mosinee Terrace', '805-344-1015'); 
INSERT INTO Patient (P_ID, Name, Age, Address, Phone) VALUES (29, 'Candice Caghy', 31, '70 Tennessee Place', '978-719-0967'); 
INSERT INTO Patient (P_ID, Name, Age, Address, Phone) VALUES (30, 'Roarke Sreenan', 85, '288 Katie Way', '101-175-5601'); 
INSERT INTO Patient (P_ID, Name, Age, Address, Phone) VALUES (31, 'Ardine Timmens', 93, '873 Swallow Avenue', '409-370-7156'); 
INSERT INTO Patient (P_ID, Name, Age, Address, Phone) VALUES (32, 'Markus Ridgley', 36, '03069 Yesrthridge Circle', '334-557-3638'); 
INSERT INTO Patient (P_ID, Name, Age, Address, Phone) VALUES (33, 'Royce BruYesn', 84, '99529 Michigan Alley', '574-579-4015'); 
INSERT INTO Patient (P_ID, Name, Age, Address, Phone) VALUES (34, 'Florian Bulley', 34, '9 3rd Street', '843-603-9318'); 
INSERT INTO Patient (P_ID, Name, Age, Address, Phone) VALUES (35, 'Beaufort Carlick', 2, '43 Packers Way', '956-659-2238'); 
INSERT INTO Patient (P_ID, Name, Age, Address, Phone) VALUES (36, 'Karel Goodin', 6, '7375 Lukken Street', '344-631-2110'); 
INSERT INTO Patient (P_ID, Name, Age, Address, Phone) VALUES (37, 'Sara Kubin', 82, '4 Riverside Point', '748-652-3693'); 
INSERT INTO Patient (P_ID, Name, Age, Address, Phone) VALUES (38, 'Elroy Branchet', 11, '0 Maple Terrace', '525-834-2364'); 
INSERT INTO Patient (P_ID, Name, Age, Address, Phone) VALUES (39, 'Eveleen Shadwick', 76, '71 Shasta Junction', '663-841-1818'); 
INSERT INTO Patient (P_ID, Name, Age, Address, Phone) VALUES (40, 'Leoline Cottel', 12, '5 Thackeray Plaza', '827-960-5962'); 
INSERT INTO Patient (P_ID, Name, Age, Address, Phone) VALUES (41, 'Ceciley Bakeup', 52, '897 Montana Alley', '688-362-2359'); 
INSERT INTO Patient (P_ID, Name, Age, Address, Phone) VALUES (42, 'Mada Durrant', 56, '12656 Troy Center', '738-715-9210'); 
INSERT INTO Patient (P_ID, Name, Age, Address, Phone) VALUES (43, 'Fae Wressell', 53, '69 Boyd Parkway', '309-822-7264'); 
INSERT INTO Patient (P_ID, Name, Age, Address, Phone) VALUES (44, 'Darbee Pidon', 48, '909 Sauthoff Junction', '519-837-6439'); 
INSERT INTO Patient (P_ID, Name, Age, Address, Phone) VALUES (45, 'Delmar Hanster', 87, '635 Dwight Alley', '874-312-0794'); 
INSERT INTO Patient (P_ID, Name, Age, Address, Phone) VALUES (46, 'Rudd Minero', 99, '73421 Mendota Plaza', '703-799-1162'); 
INSERT INTO Patient (P_ID, Name, Age, Address, Phone) VALUES (47, 'Carmon Rampage', 56, '180 Oakridge Place', '223-405-5674'); 
INSERT INTO Patient (P_ID, Name, Age, Address, Phone) VALUES (48, 'Meris Vauls', 98, '6 Packers Center', '177-133-2443'); 
INSERT INTO Patient (P_ID, Name, Age, Address, Phone) VALUES (49, 'Darrin Sage', 26, '2 Armistice Drive', '793-106-5133'); 
INSERT INTO Patient (P_ID, Name, Age, Address, Phone) VALUES (50, 'Florenza Addicote', 44, '515 Sugar Court', '149-631-7393'); 
INSERT INTO Patient (P_ID, Name, Age, Address, Phone) VALUES (51, 'Marthe Aldersea', 86, '4 Moose Crossing', '278-757-9972'); 
INSERT INTO Patient (P_ID, Name, Age, Address, Phone) VALUES (52, 'Val Kubu', 88, '303 Oneill Road', '304-568-1868'); 
INSERT INTO Patient (P_ID, Name, Age, Address, Phone) VALUES (53, 'Mack Glen', 21, '18 Cascade Plaza', '776-551-8681'); 
INSERT INTO Patient (P_ID, Name, Age, Address, Phone) VALUES (54, 'Vida Forbes', 55, '40 Garrison Trail', '655-116-9017'); 
INSERT INTO Patient (P_ID, Name, Age, Address, Phone) VALUES (55, 'Geri McAllan', 51, '22298 Schurz Road', '464-417-2559'); 
INSERT INTO Patient (P_ID, Name, Age, Address, Phone) VALUES (56, 'Lilias Ogers', 11, '1 Miller Plaza', '277-815-7609'); 
INSERT INTO Patient (P_ID, Name, Age, Address, Phone) VALUES (57, 'Nellie Lapidus', 37, '83 Pawling Way', '174-155-0147'); 
INSERT INTO Patient (P_ID, Name, Age, Address, Phone) VALUES (58, 'Elsworth Matteau', 30, '5479 Village Lane', '870-131-2958'); 
INSERT INTO Patient (P_ID, Name, Age, Address, Phone) VALUES (59, 'Kelila Cristofanini', 82, '548 Toban Hill', '276-109-2572'); 
INSERT INTO Patient (P_ID, Name, Age, Address, Phone) VALUES (60, 'Cathlene Burnet', 33, '6194 Pawling Point', '767-816-6980'); 
INSERT INTO Patient (P_ID, Name, Age, Address, Phone) VALUES (61, 'Calley Cottis', 70, '435 Westridge Parkway', '567-234-3075'); 
INSERT INTO Patient (P_ID, Name, Age, Address, Phone) VALUES (62, 'Octavius Gresswell', 86, '5630 Sunnyside Avenue', '468-607-5974'); 
INSERT INTO Patient (P_ID, Name, Age, Address, Phone) VALUES (63, 'Ara Puttan', 67, '8 Morrow Point', '165-583-3543'); 
INSERT INTO Patient (P_ID, Name, Age, Address, Phone) VALUES (64, 'Tybi Fernandes', 48, '76464 Oakridge Junction', '606-103-9953'); 
INSERT INTO Patient (P_ID, Name, Age, Address, Phone) VALUES (65, 'Filippo Eyckelberg', 74, '8 Coleman Alley', '432-752-3661'); 
INSERT INTO Patient (P_ID, Name, Age, Address, Phone) VALUES (66, 'Vance Piddick', 99, '372 Acker Way', '290-672-8300'); 
INSERT INTO Patient (P_ID, Name, Age, Address, Phone) VALUES (67, 'Shamus Hendrick', 28, '30 Shoshone Crossing', '749-376-8633'); 
INSERT INTO Patient (P_ID, Name, Age, Address, Phone) VALUES (68, 'Jonell Stedson', 95, '8529 Shasta Circle', '504-444-1289'); 
INSERT INTO Patient (P_ID, Name, Age, Address, Phone) VALUES (69, 'Libbie Argent', 77, '90 Hoepker Street', '934-478-0598'); 
INSERT INTO Patient (P_ID, Name, Age, Address, Phone) VALUES (70, 'Bond Houston', 83, '44738 Briar Crest Point', '708-120-8361'); 
INSERT INTO Patient (P_ID, Name, Age, Address, Phone) VALUES (71, 'Zita Monkleigh', 45, '56569 Packers Point', '123-707-3065'); 
INSERT INTO Patient (P_ID, Name, Age, Address, Phone) VALUES (72, 'Baillie Buncher', 56, '49 Beilfuss Terrace', '142-701-2442'); 
INSERT INTO Patient (P_ID, Name, Age, Address, Phone) VALUES (73, 'Roddy Maulkin', 23, '2 Rigney Park', '450-292-4933'); 
INSERT INTO Patient (P_ID, Name, Age, Address, Phone) VALUES (74, 'Binni Robertz', 92, '21 Nevada Point', '854-519-4300'); 
INSERT INTO Patient (P_ID, Name, Age, Address, Phone) VALUES (75, 'Rosita Hirsthouse', 89, '7637 Mcguire Junction', '930-872-1784'); 
INSERT INTO Patient (P_ID, Name, Age, Address, Phone) VALUES (76, 'Purcell Musslewhite', 60, '87387 Superior Crossing', '984-506-3441'); 
INSERT INTO Patient (P_ID, Name, Age, Address, Phone) VALUES (77, 'Rafaelita Shankle', 100, '3111 Claremont Pass', '134-999-7614'); 
INSERT INTO Patient (P_ID, Name, Age, Address, Phone) VALUES (78, 'Eldredge Coare', 72, '83 Carioca Pass', '548-355-7520'); 
INSERT INTO Patient (P_ID, Name, Age, Address, Phone) VALUES (79, 'Gusella Cluney', 16, '14 Tennyson Street', '702-188-3397'); 
INSERT INTO Patient (P_ID, Name, Age, Address, Phone) VALUES (80, 'Dov Morrissey', 18, '37894 Coleman Trail', '249-283-2390'); 
INSERT INTO Patient (P_ID, Name, Age, Address, Phone) VALUES (81, 'Eimile Radoux', 82, '0010 Bay Road', '761-875-8669'); 
INSERT INTO Patient (P_ID, Name, Age, Address, Phone) VALUES (82, 'Maryjane Filippo', 6, '63 Brown Hill', '808-816-7964'); 
INSERT INTO Patient (P_ID, Name, Age, Address, Phone) VALUES (83, 'Caterina Shyram', 97, '7 ChiYesok Trail', '973-324-4167'); 
INSERT INTO Patient (P_ID, Name, Age, Address, Phone) VALUES (84, 'Kippie IiaYesn', 2, '04 Milwaukee Terrace', '134-457-2022'); 
INSERT INTO Patient (P_ID, Name, Age, Address, Phone) VALUES (85, 'Becky Scamal', 93, '7 Gale Lane', '237-201-3537'); 
INSERT INTO Patient (P_ID, Name, Age, Address, Phone) VALUES (86, 'Quintina Ardern', 84, '40420 Farmco Avenue', '185-602-7037'); 
INSERT INTO Patient (P_ID, Name, Age, Address, Phone) VALUES (87, 'Erena Goane', 29, '4148 Lakeland Park', '406-765-4447'); 
INSERT INTO Patient (P_ID, Name, Age, Address, Phone) VALUES (88, 'Tabb Scholard', 35, '174 Mitchell Drive', '566-338-6751'); 
INSERT INTO Patient (P_ID, Name, Age, Address, Phone) VALUES (89, 'Bartel Ledward', 50, '57403 Clyde Gallagher Point', '190-570-1933'); 
INSERT INTO Patient (P_ID, Name, Age, Address, Phone) VALUES (90, 'Robinet Chucks', 35, '05747 Monument Place', '296-284-5279'); 
INSERT INTO Patient (P_ID, Name, Age, Address, Phone) VALUES (91, 'Madge Tradewell', 63, '9 Talmadge Way', '997-666-5384'); 
INSERT INTO Patient (P_ID, Name, Age, Address, Phone) VALUES (92, 'Karola Hultberg', 12, '8691 Melrose Terrace', '651-154-2928'); 
INSERT INTO Patient (P_ID, Name, Age, Address, Phone) VALUES (93, 'Klara Linnett', 7, '62350 Westend Street', '320-830-5578'); 
INSERT INTO Patient (P_ID, Name, Age, Address, Phone) VALUES (94, 'Saundra Entreis', 66, '71119 Kings Avenue', '878-479-7824'); 
INSERT INTO Patient (P_ID, Name, Age, Address, Phone) VALUES (95, 'Evan Bassett', 55, '10527 Quincy Street', '232-182-5591'); 
INSERT INTO Patient (P_ID, Name, Age, Address, Phone) VALUES (96, 'Grover Dumingos', 45, '488 Jana Terrace', '523-482-4011'); 
INSERT INTO Patient (P_ID, Name, Age, Address, Phone) VALUES (97, 'Bunni Serjeantson', 71, '985 Dorton Road', '638-181-7819'); 
INSERT INTO Patient (P_ID, Name, Age, Address, Phone) VALUES (98, 'Collin Dechelette', 41, '53 Manley Hill', '276-399-3215'); 
INSERT INTO Patient (P_ID, Name, Age, Address, Phone) VALUES (99, 'Pauli Corwin', 36, '67 Commercial Trail', '972-838-4728'); 
INSERT INTO Patient (P_ID, Name, Age, Address, Phone) VALUES (100, 'Bald Mockler', 74, '14187 Dryden Lane', '305-178-5045');


     
______________________________________________________________________________________________________________________________________________________________________________________



CREATE TABLE Room(
    rNumber INT,
    R_code Varchar(50),
    Floor INT,
    PRIMARY KEY(R_code)
);

update

INSERT INTO Room (rNumber, R_code, Floor) VALUES (1, '1N', 1);  
INSERT INTO Room (rNumber, R_code, Floor) VALUES (2, '2N', 1);  
INSERT INTO Room (rNumber, R_code, Floor) VALUES (3, '3N', 1);  
INSERT INTO Room (rNumber, R_code, Floor) VALUES (4, '4N', 1);  
INSERT INTO Room (rNumber, R_code, Floor) VALUES (5, '5N', 1);  
INSERT INTO Room (rNumber, R_code, Floor) VALUES (6, '6N', 1);  
INSERT INTO Room (rNumber, R_code, Floor) VALUES (7, '7N', 1);  
INSERT INTO Room (rNumber, R_code, Floor) VALUES (8, '8N', 1);  
INSERT INTO Room (rNumber, R_code, Floor) VALUES (9, '9N', 1);  
INSERT INTO Room (rNumber, R_code, Floor) VALUES (10, '1A', 2);  
INSERT INTO Room (rNumber, R_code, Floor) VALUES (11, '2A', 2);  
INSERT INTO Room (rNumber, R_code, Floor) VALUES (12, '3A', 2);  
INSERT INTO Room (rNumber, R_code, Floor) VALUES (13, '4A', 2);  
INSERT INTO Room (rNumber, R_code, Floor) VALUES (14, '5A', 2);  
INSERT INTO Room (rNumber, R_code, Floor) VALUES (15, '6A', 2);  
INSERT INTO Room (rNumber, R_code, Floor) VALUES (16, '7A', 2);  
INSERT INTO Room (rNumber, R_code, Floor) VALUES (17, '8A', 2);  
INSERT INTO Room (rNumber, R_code, Floor) VALUES (18, '9A', 2);  
INSERT INTO Room (rNumber, R_code, Floor) VALUES (19, '1B', 3);  
INSERT INTO Room (rNumber, R_code, Floor) VALUES (20, '2B', 3);  
INSERT INTO Room (rNumber, R_code, Floor) VALUES (21, '3B', 3);  
INSERT INTO Room (rNumber, R_code, Floor) VALUES (22, '4B', 3);  
INSERT INTO Room (rNumber, R_code, Floor) VALUES (23, '5B', 3);  
INSERT INTO Room (rNumber, R_code, Floor) VALUES (24, '6B', 3);  
INSERT INTO Room (rNumber, R_code, Floor) VALUES (25, '7B', 3);  
INSERT INTO Room (rNumber, R_code, Floor) VALUES (26, '8B', 3);  
INSERT INTO Room (rNumber, R_code, Floor) VALUES (27, '9B', 3);  
INSERT INTO Room (rNumber, R_code, Floor) VALUES (28, '1C', 4);  
INSERT INTO Room (rNumber, R_code, Floor) VALUES (29, '2C', 4);  
INSERT INTO Room (rNumber, R_code, Floor) VALUES (30, '3C', 4);  
INSERT INTO Room (rNumber, R_code, Floor) VALUES (31, '4C', 4);  
INSERT INTO Room (rNumber, R_code, Floor) VALUES (32, '5C', 4);  
INSERT INTO Room (rNumber, R_code, Floor) VALUES (33, '6C', 4);  
INSERT INTO Room (rNumber, R_code, Floor) VALUES (34, '7C', 4);  
INSERT INTO Room (rNumber, R_code, Floor) VALUES (35, '8C', 4);  
INSERT INTO Room (rNumber, R_code, Floor) VALUES (36, '9C', 4);  
INSERT INTO Room (rNumber, R_code, Floor) VALUES (37, '1D', 5);  
INSERT INTO Room (rNumber, R_code, Floor) VALUES (38, '2D', 5);  
INSERT INTO Room (rNumber, R_code, Floor) VALUES (39, '3D', 5);  
INSERT INTO Room (rNumber, R_code, Floor) VALUES (40, '4D', 5);  
INSERT INTO Room (rNumber, R_code, Floor) VALUES (41, '5D', 5);  
INSERT INTO Room (rNumber, R_code, Floor) VALUES (42, '6D', 5);  
INSERT INTO Room (rNumber, R_code, Floor) VALUES (43, '7D', 5);  
INSERT INTO Room (rNumber, R_code, Floor) VALUES (44, '9D', 5);  
INSERT INTO Room (rNumber, R_code, Floor) VALUES (45, '8D', 5);  
INSERT INTO Room (rNumber, R_code, Floor) VALUES (46, '1E', 10);  
INSERT INTO Room (rNumber, R_code, Floor) VALUES (47, '2E', 10);  
INSERT INTO Room (rNumber, R_code, Floor) VALUES (48, '3E', 10);  
INSERT INTO Room (rNumber, R_code, Floor) VALUES (49, '4E', 10);  
INSERT INTO Room (rNumber, R_code, Floor) VALUES (50, '5E', 10);  
INSERT INTO Room (rNumber, R_code, Floor) VALUES (51, '6E', 10);  
INSERT INTO Room (rNumber, R_code, Floor) VALUES (52, '7E', 10);  
INSERT INTO Room (rNumber, R_code, Floor) VALUES (53, '8E', 10);  
INSERT INTO Room (rNumber, R_code, Floor) VALUES (54, '9E', 10);  
INSERT INTO Room (rNumber, R_code, Floor) VALUES (55, '1H', 5);  
INSERT INTO Room (rNumber, R_code, Floor) VALUES (56, '2H', 5);  
INSERT INTO Room (rNumber, R_code, Floor) VALUES (57, '3H', 6);  
INSERT INTO Room (rNumber, R_code, Floor) VALUES (58, '4H', 1);  
INSERT INTO Room (rNumber, R_code, Floor) VALUES (59, '5H', 2);  
INSERT INTO Room (rNumber, R_code, Floor) VALUES (60, '6H', 6);  
INSERT INTO Room (rNumber, R_code, Floor) VALUES (61, '7H', 6);  
INSERT INTO Room (rNumber, R_code, Floor) VALUES (62, '8H', 6);  
INSERT INTO Room (rNumber, R_code, Floor) VALUES (63, '9H', 6);  
INSERT INTO Room (rNumber, R_code, Floor) VALUES (64, '1J', 6);  
INSERT INTO Room (rNumber, R_code, Floor) VALUES (65, '2J', 6);  
INSERT INTO Room (rNumber, R_code, Floor) VALUES (66, '3J', 6);  
INSERT INTO Room (rNumber, R_code, Floor) VALUES (67, '4J', 6);  
INSERT INTO Room (rNumber, R_code, Floor) VALUES (68, '5J', 6);  
INSERT INTO Room (rNumber, R_code, Floor) VALUES (69, '6J', 6);  
INSERT INTO Room (rNumber, R_code, Floor) VALUES (70, '7J', 7);  
INSERT INTO Room (rNumber, R_code, Floor) VALUES (71, '8J', 7);  
INSERT INTO Room (rNumber, R_code, Floor) VALUES (72, '9J', 7);  
INSERT INTO Room (rNumber, R_code, Floor) VALUES (73, '1F', 7);  
INSERT INTO Room (rNumber, R_code, Floor) VALUES (74, '2F', 7);  
INSERT INTO Room (rNumber, R_code, Floor) VALUES (75, '3F', 7);  
INSERT INTO Room (rNumber, R_code, Floor) VALUES (76, '4F', 7);  
INSERT INTO Room (rNumber, R_code, Floor) VALUES (77, '5F', 7);  
INSERT INTO Room (rNumber, R_code, Floor) VALUES (78, '6F', 7);  
INSERT INTO Room (rNumber, R_code, Floor) VALUES (79, '7F', 7);  
INSERT INTO Room (rNumber, R_code, Floor) VALUES (80, '8F', 8);  
INSERT INTO Room (rNumber, R_code, Floor) VALUES (81, '9F', 8);  
INSERT INTO Room (rNumber, R_code, Floor) VALUES (82, '1K', 8);  
INSERT INTO Room (rNumber, R_code, Floor) VALUES (83, '2K', 8);  
INSERT INTO Room (rNumber, R_code, Floor) VALUES (84, '3K', 8);  
INSERT INTO Room (rNumber, R_code, Floor) VALUES (85, '4K', 8);  
INSERT INTO Room (rNumber, R_code, Floor) VALUES (86, '5K', 8);  
INSERT INTO Room (rNumber, R_code, Floor) VALUES (87, '6K', 8);  
INSERT INTO Room (rNumber, R_code, Floor) VALUES (88, '7K', 8);  
INSERT INTO Room (rNumber, R_code, Floor) VALUES (89, '8K', 8);  
INSERT INTO Room (rNumber, R_code, Floor) VALUES (90, '9K', 9);  
INSERT INTO Room (rNumber, R_code, Floor) VALUES (91, '1G', 9);  
INSERT INTO Room (rNumber, R_code, Floor) VALUES (92, '2G', 9);  
INSERT INTO Room (rNumber, R_code, Floor) VALUES (93, '3G', 9);  
INSERT INTO Room (rNumber, R_code, Floor) VALUES (94, '4G', 9);  
INSERT INTO Room (rNumber, R_code, Floor) VALUES (95, '5G', 9);  
INSERT INTO Room (rNumber, R_code, Floor) VALUES (96, '6G', 9);  
INSERT INTO Room (rNumber, R_code, Floor) VALUES (97, '8G', 9);  
INSERT INTO Room (rNumber, R_code, Floor) VALUES (98, '9G', 9);  
INSERT INTO Room (rNumber, R_code, Floor) VALUES (99, '1L', 9);  
INSERT INTO Room (rNumber, R_code, Floor) VALUES (100, '2L', 9);


______________________________________________________________________________________________________________________________________________________________________________________



CREATE TABLE Stay(
    P_ID INT,
    rNumber INT,
    Available Varchar(50),
    FOREIGN KEY(P_ID) REFERENCES Patient(P_ID)
);

update

INSERT INTO Stay (P_ID, rNumber, Available) VALUES (NULL, 1, 'Yes'); 
INSERT INTO Stay (P_ID, rNumber, Available) VALUES (2, 2, 'NO'); 
INSERT INTO Stay (P_ID, rNumber, Available) VALUES (3, 3, 'NO'); 
INSERT INTO Stay (P_ID, rNumber, Available) VALUES (4, 4, 'NO'); 
INSERT INTO Stay (P_ID, rNumber, Available) VALUES (5, 5, 'NO'); 
INSERT INTO Stay (P_ID, rNumber, Available) VALUES (6, 6, 'NO'); 
INSERT INTO Stay (P_ID, rNumber, Available) VALUES (7, 7, 'NO'); 
INSERT INTO Stay (P_ID, rNumber, Available) VALUES (8, 8, 'NO'); 
INSERT INTO Stay (P_ID, rNumber, Available) VALUES (9, 9, 'NO'); 
INSERT INTO Stay (P_ID, rNumber, Available) VALUES (10, 10, 'NO'); 
INSERT INTO Stay (P_ID, rNumber, Available) VALUES (11, 11, 'NO'); 
INSERT INTO Stay (P_ID, rNumber, Available) VALUES (12, 12, 'NO'); 
INSERT INTO Stay (P_ID, rNumber, Available) VALUES (NULL, 13, 'Yes'); 
INSERT INTO Stay (P_ID, rNumber, Available) VALUES (14, 14, 'NO'); 
INSERT INTO Stay (P_ID, rNumber, Available) VALUES (15, 15, 'NO'); 
INSERT INTO Stay (P_ID, rNumber, Available) VALUES (16, 16, 'NO'); 
INSERT INTO Stay (P_ID, rNumber, Available) VALUES (17, 17, 'NO'); 
INSERT INTO Stay (P_ID, rNumber, Available) VALUES (18, 18, 'NO'); 
INSERT INTO Stay (P_ID, rNumber, Available) VALUES (19, 19, 'NO'); 
INSERT INTO Stay (P_ID, rNumber, Available) VALUES (20, 20, 'NO'); 
INSERT INTO Stay (P_ID, rNumber, Available) VALUES (21, 21, 'NO'); 
INSERT INTO Stay (P_ID, rNumber, Available) VALUES (22, 22, 'NO'); 
INSERT INTO Stay (P_ID, rNumber, Available) VALUES (23, 23, 'NO'); 
INSERT INTO Stay (P_ID, rNumber, Available) VALUES (24, 24, 'NO'); 
INSERT INTO Stay (P_ID, rNumber, Available) VALUES (25, 25, 'NO'); 
INSERT INTO Stay (P_ID, rNumber, Available) VALUES (26, 26, 'NO'); 
INSERT INTO Stay (P_ID, rNumber, Available) VALUES (NULL, 27, 'Yes'); 
INSERT INTO Stay (P_ID, rNumber, Available) VALUES (28, 28, 'NO'); 
INSERT INTO Stay (P_ID, rNumber, Available) VALUES (29, 29, 'NO'); 
INSERT INTO Stay (P_ID, rNumber, Available) VALUES (30, 30, 'NO'); 
INSERT INTO Stay (P_ID, rNumber, Available) VALUES (31, 31, 'NO'); 
INSERT INTO Stay (P_ID, rNumber, Available) VALUES (32, 32, 'NO'); 
INSERT INTO Stay (P_ID, rNumber, Available) VALUES (33, 33, 'NO'); 
INSERT INTO Stay (P_ID, rNumber, Available) VALUES (34, 34, 'NO'); 
INSERT INTO Stay (P_ID, rNumber, Available) VALUES (35, 35, 'NO'); 
INSERT INTO Stay (P_ID, rNumber, Available) VALUES (36, 36, 'NO'); 
INSERT INTO Stay (P_ID, rNumber, Available) VALUES (37, 37, 'NO'); 
INSERT INTO Stay (P_ID, rNumber, Available) VALUES (38, 38, 'NO'); 
INSERT INTO Stay (P_ID, rNumber, Available) VALUES (39, 39, 'NO'); 
INSERT INTO Stay (P_ID, rNumber, Available) VALUES (40, 40, 'NO'); 
INSERT INTO Stay (P_ID, rNumber, Available) VALUES (41, 41, 'NO'); 
INSERT INTO Stay (P_ID, rNumber, Available) VALUES (42, 42, 'NO'); 
INSERT INTO Stay (P_ID, rNumber, Available) VALUES (43, 43, 'NO'); 
INSERT INTO Stay (P_ID, rNumber, Available) VALUES (44, 44, 'NO'); 
INSERT INTO Stay (P_ID, rNumber, Available) VALUES (45, 45, 'NO'); 
INSERT INTO Stay (P_ID, rNumber, Available) VALUES (46, 46, 'NO'); 
INSERT INTO Stay (P_ID, rNumber, Available) VALUES (47, 47, 'NO'); 
INSERT INTO Stay (P_ID, rNumber, Available) VALUES (48, 48, 'NO'); 
INSERT INTO Stay (P_ID, rNumber, Available) VALUES (49, 49, 'NO'); 
INSERT INTO Stay (P_ID, rNumber, Available) VALUES (50, 50, 'NO'); 
INSERT INTO Stay (P_ID, rNumber, Available) VALUES (51, 51, 'NO'); 
INSERT INTO Stay (P_ID, rNumber, Available) VALUES (52, 52, 'NO'); 
INSERT INTO Stay (P_ID, rNumber, Available) VALUES (53, 53, 'NO'); 
INSERT INTO Stay (P_ID, rNumber, Available) VALUES (54, 54, 'NO'); 
INSERT INTO Stay (P_ID, rNumber, Available) VALUES (55, 55, 'NO'); 
INSERT INTO Stay (P_ID, rNumber, Available) VALUES (56, 56, 'NO'); 
INSERT INTO Stay (P_ID, rNumber, Available) VALUES (57, 57, 'NO'); 
INSERT INTO Stay (P_ID, rNumber, Available) VALUES (58, 58, 'NO'); 
INSERT INTO Stay (P_ID, rNumber, Available) VALUES (59, 59, 'NO'); 
INSERT INTO Stay (P_ID, rNumber, Available) VALUES (60, 60, 'NO'); 
INSERT INTO Stay (P_ID, rNumber, Available) VALUES (61, 61, 'NO'); 
INSERT INTO Stay (P_ID, rNumber, Available) VALUES (62, 62, 'NO'); 
INSERT INTO Stay (P_ID, rNumber, Available) VALUES (63, 63, 'NO'); 
INSERT INTO Stay (P_ID, rNumber, Available) VALUES (64, 64, 'NO'); 
INSERT INTO Stay (P_ID, rNumber, Available) VALUES (65, 65, 'NO'); 
INSERT INTO Stay (P_ID, rNumber, Available) VALUES (66, 66, 'NO'); 
INSERT INTO Stay (P_ID, rNumber, Available) VALUES (67, 67, 'NO'); 
INSERT INTO Stay (P_ID, rNumber, Available) VALUES (68, 68, 'NO'); 
INSERT INTO Stay (P_ID, rNumber, Available) VALUES (69, 69, 'NO'); 
INSERT INTO Stay (P_ID, rNumber, Available) VALUES (70, 70, 'NO'); 
INSERT INTO Stay (P_ID, rNumber, Available) VALUES (71, 71, 'NO'); 
INSERT INTO Stay (P_ID, rNumber, Available) VALUES (72, 72, 'NO'); 
INSERT INTO Stay (P_ID, rNumber, Available) VALUES (73, 73, 'NO'); 
INSERT INTO Stay (P_ID, rNumber, Available) VALUES (74, 74, 'NO'); 
INSERT INTO Stay (P_ID, rNumber, Available) VALUES (75, 75, 'NO'); 
INSERT INTO Stay (P_ID, rNumber, Available) VALUES (NULL, 76, 'Yes'); 
INSERT INTO Stay (P_ID, rNumber, Available) VALUES (77, 77, 'NO'); 
INSERT INTO Stay (P_ID, rNumber, Available) VALUES (78, 78, 'NO'); 
INSERT INTO Stay (P_ID, rNumber, Available) VALUES (79, 79, 'NO'); 
INSERT INTO Stay (P_ID, rNumber, Available) VALUES (80, 80, 'NO'); 
INSERT INTO Stay (P_ID, rNumber, Available) VALUES (81, 81, 'NO'); 
INSERT INTO Stay (P_ID, rNumber, Available) VALUES (82, 82, 'NO'); 
INSERT INTO Stay (P_ID, rNumber, Available) VALUES (83, 83, 'NO'); 
INSERT INTO Stay (P_ID, rNumber, Available) VALUES (84, 84, 'NO'); 
INSERT INTO Stay (P_ID, rNumber, Available) VALUES (85, 85, 'NO'); 
INSERT INTO Stay (P_ID, rNumber, Available) VALUES (86, 86, 'NO'); 
INSERT INTO Stay (P_ID, rNumber, Available) VALUES (87, 87, 'NO'); 
INSERT INTO Stay (P_ID, rNumber, Available) VALUES (88, 88, 'NO'); 
INSERT INTO Stay (P_ID, rNumber, Available) VALUES (89, 89, 'NO'); 
INSERT INTO Stay (P_ID, rNumber, Available) VALUES (90, 90, 'NO'); 
INSERT INTO Stay (P_ID, rNumber, Available) VALUES (91, 91, 'NO'); 
INSERT INTO Stay (P_ID, rNumber, Available) VALUES (92, 92, 'NO'); 
INSERT INTO Stay (P_ID, rNumber, Available) VALUES (93, 93, 'NO'); 
INSERT INTO Stay (P_ID, rNumber, Available) VALUES (94, 94, 'NO'); 
INSERT INTO Stay (P_ID, rNumber, Available) VALUES (NULL, 95, 'Yes'); 
INSERT INTO Stay (P_ID, rNumber, Available) VALUES (96, 96, 'NO'); 
INSERT INTO Stay (P_ID, rNumber, Available) VALUES (97, 97, 'NO'); 
INSERT INTO Stay (P_ID, rNumber, Available) VALUES (98, 98, 'NO'); 
INSERT INTO Stay (P_ID, rNumber, Available) VALUES (99, 99, 'NO'); 
INSERT INTO Stay (P_ID, rNumber, Available) VALUES (100, 100, 'NO');



______________________________________________________________________________________________________________________________________________________________________________________



CREATE TABLE Cost(
    P_ID INT,
    D_ID INT,
    rNumber INT,
    Oname Varchar(50),
    FOREIGN KEY(P_ID, D_ID) REFERENCES Patient(P_ID), Doctor(D_ID)
);



INSERT INTO COST (P_ID, D_ID, roomPrice, oPrice) VALUES (1, 200, 0, 556), 
INSERT INTO COST (P_ID, D_ID, roomPrice, oPrice) VALUES (2, 203, 145, 777), 
INSERT INTO COST (P_ID, D_ID, roomPrice, oPrice) VALUES (3, 204, 237, 626), 
INSERT INTO COST (P_ID, D_ID, roomPrice, oPrice) VALUES (4, 205, 195, 779),
INSERT INTO COST (P_ID, D_ID, roomPrice, oPrice) VALUES (5, 300, 246, 746), 
INSERT INTO COST (P_ID, D_ID, roomPrice, oPrice) VALUES (6, 206, 291, 737), 
INSERT INTO COST (P_ID, D_ID, roomPrice, oPrice) VALUES (7, 207, 294, 524), 
INSERT INTO COST (P_ID, D_ID, roomPrice, oPrice) VALUES (8, 208, 113, 966), 
INSERT INTO COST (P_ID, D_ID, roomPrice, oPrice) VALUES (9, 209, 300, 629), 
INSERT INTO COST (P_ID, D_ID, roomPrice, oPrice) VALUES (10, 210, 278, 928), 
INSERT INTO COST (P_ID, D_ID, roomPrice, oPrice) VALUES (11, 211, 285, 856), 
INSERT INTO COST (P_ID, D_ID, roomPrice, oPrice) VALUES (12, 212, 124, 669), 
INSERT INTO COST (P_ID, D_ID, roomPrice, oPrice) VALUES (13, 213, 0, 570), 
INSERT INTO COST (P_ID, D_ID, roomPrice, oPrice) VALUES (14, 214, 290, 516), 
INSERT INTO COST (P_ID, D_ID, roomPrice, oPrice) VALUES (15, 215, 283, 535), 
INSERT INTO COST (P_ID, D_ID, roomPrice, oPrice) VALUES (16, 216, 231, 843), 
INSERT INTO COST (P_ID, D_ID, roomPrice, oPrice) VALUES (17, 217, 218, 761), 
INSERT INTO COST (P_ID, D_ID, roomPrice, oPrice) VALUES (18, 218, 222, 644), 
INSERT INTO COST (P_ID, D_ID, roomPrice, oPrice) VALUES (19, 219, 108, 869), 
INSERT INTO COST (P_ID, D_ID, roomPrice, oPrice) VALUES (20, 220, 198, 601), 
INSERT INTO COST (P_ID, D_ID, roomPrice, oPrice) VALUES (21, 221, 121, 921), 
INSERT INTO COST (P_ID, D_ID, roomPrice, oPrice) VALUES (22, 222, 294, 722), 
INSERT INTO COST (P_ID, D_ID, roomPrice, oPrice) VALUES (23, 223, 100, 914), 
INSERT INTO COST (P_ID, D_ID, roomPrice, oPrice) VALUES (24, 224, 152, 436), 
INSERT INTO COST (P_ID, D_ID, roomPrice, oPrice) VALUES (25, 225, 266, 942), 
INSERT INTO COST (P_ID, D_ID, roomPrice, oPrice) VALUES (26, 226, 164, 798), 
INSERT INTO COST (P_ID, D_ID, roomPrice, oPrice) VALUES (27, 227, 0, 586), 
INSERT INTO COST (P_ID, D_ID, roomPrice, oPrice) VALUES (28, 228, 278, 587), 
INSERT INTO COST (P_ID, D_ID, roomPrice, oPrice) VALUES (29, 229, 232, 685), 
INSERT INTO COST (P_ID, D_ID, roomPrice, oPrice) VALUES (30, 230, 284, 428), 
INSERT INTO COST (P_ID, D_ID, roomPrice, oPrice) VALUES (31, 231, 141, 830), 
INSERT INTO COST (P_ID, D_ID, roomPrice, oPrice) VALUES (32, 232, 161, 565), 
INSERT INTO COST (P_ID, D_ID, roomPrice, oPrice) VALUES (33, 233, 224, 849), 
INSERT INTO COST (P_ID, D_ID, roomPrice, oPrice) VALUES (34, 234, 236, 960), 
INSERT INTO COST (P_ID, D_ID, roomPrice, oPrice) VALUES (35, 235, 151, 445), 
INSERT INTO COST (P_ID, D_ID, roomPrice, oPrice) VALUES (36, 236, 252, 550), 
INSERT INTO COST (P_ID, D_ID, roomPrice, oPrice) VALUES (37, 237, 165, 664), 
INSERT INTO COST (P_ID, D_ID, roomPrice, oPrice) VALUES (38, 238, 145, 461), 
INSERT INTO COST (P_ID, D_ID, roomPrice, oPrice) VALUES (39, 239, 274, 787), 
INSERT INTO COST (P_ID, D_ID, roomPrice, oPrice) VALUES (40, 240, 179, 511), 
INSERT INTO COST (P_ID, D_ID, roomPrice, oPrice) VALUES (41, 241, 234, 759), 
INSERT INTO COST (P_ID, D_ID, roomPrice, oPrice) VALUES (42, 242, 281, 968), 
INSERT INTO COST (P_ID, D_ID, roomPrice, oPrice) VALUES (43, 243, 130, 778), 
INSERT INTO COST (P_ID, D_ID, roomPrice, oPrice) VALUES (44, 244, 241, 719), 
INSERT INTO COST (P_ID, D_ID, roomPrice, oPrice) VALUES (45, 245, 245, 941), 
INSERT INTO COST (P_ID, D_ID, roomPrice, oPrice) VALUES (46, 246, 199, 694), 
INSERT INTO COST (P_ID, D_ID, roomPrice, oPrice) VALUES (47, 247, 264, 971), 
INSERT INTO COST (P_ID, D_ID, roomPrice, oPrice) VALUES (48, 248, 214, 971), 
INSERT INTO COST (P_ID, D_ID, roomPrice, oPrice) VALUES (49, 249, 210, 848), 
INSERT INTO COST (P_ID, D_ID, roomPrice, oPrice) VALUES (50, 250, 195, 648), 
INSERT INTO COST (P_ID, D_ID, roomPrice, oPrice) VALUES (51, 251, 194, 709), 
INSERT INTO COST (P_ID, D_ID, roomPrice, oPrice) VALUES (52, 252, 215, 830), 
INSERT INTO COST (P_ID, D_ID, roomPrice, oPrice) VALUES (53, 253, 225, 432), 
INSERT INTO COST (P_ID, D_ID, roomPrice, oPrice) VALUES (54, 254, 107, 760), 
INSERT INTO COST (P_ID, D_ID, roomPrice, oPrice) VALUES (55, 255, 122, 998), 
INSERT INTO COST (P_ID, D_ID, roomPrice, oPrice) VALUES (56, 256, 184, 635), 
INSERT INTO COST (P_ID, D_ID, roomPrice, oPrice) VALUES (57, 257, 212, 738), 
INSERT INTO COST (P_ID, D_ID, roomPrice, oPrice) VALUES (58, 258, 161, 438), 
INSERT INTO COST (P_ID, D_ID, roomPrice, oPrice) VALUES (59, 259, 223, 465), 
INSERT INTO COST (P_ID, D_ID, roomPrice, oPrice) VALUES (60, 260, 145, 545), 
INSERT INTO COST (P_ID, D_ID, roomPrice, oPrice) VALUES (61, 261, 141, 882), 
INSERT INTO COST (P_ID, D_ID, roomPrice, oPrice) VALUES (62, 262, 143, 495), 
INSERT INTO COST (P_ID, D_ID, roomPrice, oPrice) VALUES (63, 263, 277, 468), 
INSERT INTO COST (P_ID, D_ID, roomPrice, oPrice) VALUES (64, 264, 242, 557), 
INSERT INTO COST (P_ID, D_ID, roomPrice, oPrice) VALUES (65, 265, 151, 757), 
INSERT INTO COST (P_ID, D_ID, roomPrice, oPrice) VALUES (66, 266, 288, 464), 
INSERT INTO COST (P_ID, D_ID, roomPrice, oPrice) VALUES (67, 267, 101, 694), 
INSERT INTO COST (P_ID, D_ID, roomPrice, oPrice) VALUES (68, 268, 241, 896), 
INSERT INTO COST (P_ID, D_ID, roomPrice, oPrice) VALUES (69, 269, 147, 628), 
INSERT INTO COST (P_ID, D_ID, roomPrice, oPrice) VALUES (70, 270, 143, 591), 
INSERT INTO COST (P_ID, D_ID, roomPrice, oPrice) VALUES (71, 271, 104, 452), 
INSERT INTO COST (P_ID, D_ID, roomPrice, oPrice) VALUES (72, 272, 184, 776), 
INSERT INTO COST (P_ID, D_ID, roomPrice, oPrice) VALUES (73, 273, 218, 640), 
INSERT INTO COST (P_ID, D_ID, roomPrice, oPrice) VALUES (74, 274, 272, 856), 
INSERT INTO COST (P_ID, D_ID, roomPrice, oPrice) VALUES (75, 275, 172, 628), 
INSERT INTO COST (P_ID, D_ID, roomPrice, oPrice) VALUES (76, 276, 0, 656), 
INSERT INTO COST (P_ID, D_ID, roomPrice, oPrice) VALUES (77, 277, 168, 482), 
INSERT INTO COST (P_ID, D_ID, roomPrice, oPrice) VALUES (78, 278, 165, 845), 
INSERT INTO COST (P_ID, D_ID, roomPrice, oPrice) VALUES (79, 279, 197, 671), 
INSERT INTO COST (P_ID, D_ID, roomPrice, oPrice) VALUES (80, 280, 250, 515), 
INSERT INTO COST (P_ID, D_ID, roomPrice, oPrice) VALUES (81, 281, 248, 728), 
INSERT INTO COST (P_ID, D_ID, roomPrice, oPrice) VALUES (82, 282, 249, 981), 
INSERT INTO COST (P_ID, D_ID, roomPrice, oPrice) VALUES (83, 283, 183, 781), 
INSERT INTO COST (P_ID, D_ID, roomPrice, oPrice) VALUES (84, 284, 120, 978), 
INSERT INTO COST (P_ID, D_ID, roomPrice, oPrice) VALUES (85, 285, 237, 959), 
INSERT INTO COST (P_ID, D_ID, roomPrice, oPrice) VALUES (86, 286, 150, 920), 
INSERT INTO COST (P_ID, D_ID, roomPrice, oPrice) VALUES (87, 287, 185, 431), 
INSERT INTO COST (P_ID, D_ID, roomPrice, oPrice) VALUES (88, 288, 287, 421), 
INSERT INTO COST (P_ID, D_ID, roomPrice, oPrice) VALUES (89, 289, 204, 586), 
INSERT INTO COST (P_ID, D_ID, roomPrice, oPrice) VALUES (90, 290, 147, 917), 
INSERT INTO COST (P_ID, D_ID, roomPrice, oPrice) VALUES (91, 291, 300, 444), 
INSERT INTO COST (P_ID, D_ID, roomPrice, oPrice) VALUES (92, 292, 174, 846), 
INSERT INTO COST (P_ID, D_ID, roomPrice, oPrice) VALUES (93, 293, 176, 807), 
INSERT INTO COST (P_ID, D_ID, roomPrice, oPrice) VALUES (94, 294, 108, 565), 
INSERT INTO COST (P_ID, D_ID, roomPrice, oPrice) VALUES (95, 295, 0, 475), 
INSERT INTO COST (P_ID, D_ID, roomPrice, oPrice) VALUES (96, 296, 182, 866), 
INSERT INTO COST (P_ID, D_ID, roomPrice, oPrice) VALUES (97, 297, 274, 647), 
INSERT INTO COST (P_ID, D_ID, roomPrice, oPrice) VALUES (98, 298, 129, 764), 
INSERT INTO COST (P_ID, D_ID, roomPrice, oPrice) VALUES (99, 299, 216, 477), 
INSERT INTO COST (P_ID, D_ID, roomPrice, oPrice) VALUES (100, 301, 199, 499);


______________________________________________________________________________________________________________________________________________________________________________________


CREATE TABLE Operation(
    P_ID INT,
    D_ID INT,
    N_ID INT,
    Oname Varchar(50),
    Otype Varchar(50),
    Oroom Varchar(50),
    FOREIGN KEY(P_ID, D_ID, N_ID) REFERENCES Patient(P_ID), Doctor(D_ID), Nurse(N_ID)
);
    
   
    
INSERT INTO Operation (P_ID, D_ID, N_ID, Oname, Otype, Oroom) VALUES (1, 203, 101, 'Carphophis sp.', 'Mild', 'A233'); 
INSERT INTO Operation (P_ID, D_ID, N_ID, Oname, Otype, Oroom) VALUES (2, 203, 102, 'Platalea leucordia', 'Aver', 'A233'); 
INSERT INTO Operation (P_ID, D_ID, N_ID, Oname, Otype, Oroom) VALUES (3, 204, 103, 'Vombatus ursinus', 'Aver', 'A233'); 
INSERT INTO Operation (P_ID, D_ID, N_ID, Oname, Otype, Oroom) VALUES (4, 205, 104, 'Chlamydosaurus kingii', 'Complex', 'A233'); 
INSERT INTO Operation (P_ID, D_ID, N_ID, Oname, Otype, Oroom) VALUES (5, 300, 105, 'Canis lupus baileyi', 'Complex', 'F200'); 
INSERT INTO Operation (P_ID, D_ID, N_ID, Oname, Otype, Oroom) VALUES (6, 206, 106, 'Anthropoides paradisea', 'Complex', 'F200'); 
INSERT INTO Operation (P_ID, D_ID, N_ID, Oname, Otype, Oroom) VALUES (7, 207, 107, 'Papilio canadensis', 'Aver', 'F200'); 
INSERT INTO Operation (P_ID, D_ID, N_ID, Oname, Otype, Oroom) VALUES (8, 208, 108, 'Crocuta crocuta', 'Mild', 'A233'); 
INSERT INTO Operation (P_ID, D_ID, N_ID, Oname, Otype, Oroom) VALUES (9, 209, 109, 'Felis silvestris lybica', 'Mild', 'A233'); 
INSERT INTO Operation (P_ID, D_ID, N_ID, Oname, Otype, Oroom) VALUES (10, 210, 110, 'Pseudocheirus peregrines ', 'Mild', 'A233'); 
INSERT INTO Operation (P_ID, D_ID, N_ID, Oname, Otype, Oroom) VALUES (11, 211, 111, 'Sula dactylatra', 'Mild', 'P98'); 
INSERT INTO Operation (P_ID, D_ID, N_ID, Oname, Otype, Oroom) VALUES (12, 212, 112, 'Orcinus orca', 'Mild', 'D341'); 
INSERT INTO Operation (P_ID, D_ID, N_ID, Oname, Otype, Oroom) VALUES (13, 213, 113, 'Otocyon megalotis', 'Mild', 'D341'); 
INSERT INTO Operation (P_ID, D_ID, N_ID, Oname, Otype, Oroom) VALUES (14, 214, 114, 'Didelphis virginiana', 'Complex', 'D341'); 
INSERT INTO Operation (P_ID, D_ID, N_ID, Oname, Otype, Oroom) VALUES (15, 215, 115, 'Anser caerulescens', 'Mild', 'P98'); 
INSERT INTO Operation (P_ID, D_ID, N_ID, Oname, Otype, Oroom) VALUES (16, 216, 116, 'Butorides striatus', 'Aver', 'S111'); 
INSERT INTO Operation (P_ID, D_ID, N_ID, Oname, Otype, Oroom) VALUES (17, 217, 117, 'Mirounga leonina', 'Aver', 'D341'); 
INSERT INTO Operation (P_ID, D_ID, N_ID, Oname, Otype, Oroom) VALUES (18, 218, 118, 'Carduelis pinus', 'Mild', 'P98'); 
INSERT INTO Operation (P_ID, D_ID, N_ID, Oname, Otype, Oroom) VALUES (19, 219, 119, 'Bucorvus leadbeateri', 'Aver', 'P98'); 
INSERT INTO Operation (P_ID, D_ID, N_ID, Oname, Otype, Oroom) VALUES (20, 220, 120, 'Butorides striatus', 'Complex', 'A233'); 
INSERT INTO Operation (P_ID, D_ID, N_ID, Oname, Otype, Oroom) VALUES (21, 221, 121, 'Martes pennanti', 'Complex', 'F200'); 
INSERT INTO Operation (P_ID, D_ID, N_ID, Oname, Otype, Oroom) VALUES (22, 222, 122, 'Ammospermophilus nelsoni', 'Aver', 'A233'); 
INSERT INTO Operation (P_ID, D_ID, N_ID, Oname, Otype, Oroom) VALUES (23, 223, 123, 'Eudyptula minor', 'Aver', 'F200'); 
INSERT INTO Operation (P_ID, D_ID, N_ID, Oname, Otype, Oroom) VALUES (24, 224, 124, 'Dicrurus adsimilis', 'Aver', 'S111'); 
INSERT INTO Operation (P_ID, D_ID, N_ID, Oname, Otype, Oroom) VALUES (25, 225, 125, 'Snycerus caffer', 'Mild', 'P98'); 
INSERT INTO Operation (P_ID, D_ID, N_ID, Oname, Otype, Oroom) VALUES (26, 226, 126, 'Spizaetus coronatus', 'Complex', 'S111'); 
INSERT INTO Operation (P_ID, D_ID, N_ID, Oname, Otype, Oroom) VALUES (27, 227, 127, 'Microcebus murinus', 'Mild', 'P98'); 
INSERT INTO Operation (P_ID, D_ID, N_ID, Oname, Otype, Oroom) VALUES (28, 228, 128, 'Haliaeetus leucocephalus', 'Mild', 'D341'); 
INSERT INTO Operation (P_ID, D_ID, N_ID, Oname, Otype, Oroom) VALUES (29, 229, 129, 'Philetairus socius', 'Complex', 'S111'); 
INSERT INTO Operation (P_ID, D_ID, N_ID, Oname, Otype, Oroom) VALUES (30, 230, 130, 'Mycteria ibis', 'Complex', 'A233'); 
INSERT INTO Operation (P_ID, D_ID, N_ID, Oname, Otype, Oroom) VALUES (31, 231, 131, 'Bucorvus leadbeateri', 'Complex', 'S111'); 
INSERT INTO Operation (P_ID, D_ID, N_ID, Oname, Otype, Oroom) VALUES (32, 232, 132, 'Petaurus breviceps', 'Mild', 'S111'); 
INSERT INTO Operation (P_ID, D_ID, N_ID, Oname, Otype, Oroom) VALUES (33, 233, 133, 'Pseudalopex gymnocercus', 'Complex', 'D341'); 
INSERT INTO Operation (P_ID, D_ID, N_ID, Oname, Otype, Oroom) VALUES (34, 234, 134, 'Alectura lathami', 'Complex', 'S111'); 
INSERT INTO Operation (P_ID, D_ID, N_ID, Oname, Otype, Oroom) VALUES (35, 235, 135, 'Geococcyx californianus', 'Aver', 'D341'); 
INSERT INTO Operation (P_ID, D_ID, N_ID, Oname, Otype, Oroom) VALUES (36, 236, 136, 'Cordylus giganteus', 'Mild', 'S111'); 
INSERT INTO Operation (P_ID, D_ID, N_ID, Oname, Otype, Oroom) VALUES (37, 237, 137, 'Corvus brachyrhynchos', 'Mild', 'P98'); 
INSERT INTO Operation (P_ID, D_ID, N_ID, Oname, Otype, Oroom) VALUES (38, 238, 138, 'Chloephaga melanoptera', 'Complex', 'D341'); 
INSERT INTO Operation (P_ID, D_ID, N_ID, Oname, Otype, Oroom) VALUES (39, 239, 139, 'Dendrocitta vagabunda', 'Aver', 'F200'); 
INSERT INTO Operation (P_ID, D_ID, N_ID, Oname, Otype, Oroom) VALUES (40, 240, 140, 'Alectura lathami', 'Mild', 'S111'); 
INSERT INTO Operation (P_ID, D_ID, N_ID, Oname, Otype, Oroom) VALUES (41, 241, 141, 'Dendrohyrax brucel', 'Aver', 'S111'); 
INSERT INTO Operation (P_ID, D_ID, N_ID, Oname, Otype, Oroom) VALUES (42, 242, 142, 'Scolopax minor', 'Complex', 'D341'); 
INSERT INTO Operation (P_ID, D_ID, N_ID, Oname, Otype, Oroom) VALUES (43, 243, 143, 'Pycnonotus barbatus', 'Aver', 'S111'); 
INSERT INTO Operation (P_ID, D_ID, N_ID, Oname, Otype, Oroom) VALUES (44, 244, 144, 'Cordylus giganteus', 'Mild', 'D341'); 
INSERT INTO Operation (P_ID, D_ID, N_ID, Oname, Otype, Oroom) VALUES (45, 245, 145, 'Mirounga leonina', 'Complex', 'A233'); 
INSERT INTO Operation (P_ID, D_ID, N_ID, Oname, Otype, Oroom) VALUES (46, 246, 146, 'Chionis alba', 'Mild', 'F200'); 
INSERT INTO Operation (P_ID, D_ID, N_ID, Oname, Otype, Oroom) VALUES (47, 247, 147, 'Junonia genoveua', 'Complex', 'S111'); 
INSERT INTO Operation (P_ID, D_ID, N_ID, Oname, Otype, Oroom) VALUES (48, 248, 148, 'Melophus lathami', 'Mild', 'S111'); 
INSERT INTO Operation (P_ID, D_ID, N_ID, Oname, Otype, Oroom) VALUES (49, 249, 149, 'Acrobates pygmaeus', 'Complex', 'F200'); 
INSERT INTO Operation (P_ID, D_ID, N_ID, Oname, Otype, Oroom) VALUES (50, 250, 150, 'Panthera pardus', 'Aver', 'A233'); 
INSERT INTO Operation (P_ID, D_ID, N_ID, Oname, Otype, Oroom) VALUES (51, 251, 151, 'Pan troglodytes', 'Mild', 'D341'); 
INSERT INTO Operation (P_ID, D_ID, N_ID, Oname, Otype, Oroom) VALUES (52, 252, 152, 'Trichoglossus haematodus moluccanus', 'Aver', 'D341'); 
INSERT INTO Operation (P_ID, D_ID, N_ID, Oname, Otype, Oroom) VALUES (53, 253, 153, 'Phoca vitulina', 'Complex', 'D341'); 
INSERT INTO Operation (P_ID, D_ID, N_ID, Oname, Otype, Oroom) VALUES (54, 254, 154, 'Hymenolaimus malacorhynchus', 'Complex', 'P98'); 
INSERT INTO Operation (P_ID, D_ID, N_ID, Oname, Otype, Oroom) VALUES (55, 255, 155, 'Aonyx cinerea', 'Aver', 'A233'); 
INSERT INTO Operation (P_ID, D_ID, N_ID, Oname, Otype, Oroom) VALUES (56, 256, 156, 'Anastomus oscitans', 'Complex', 'F200'); 
INSERT INTO Operation (P_ID, D_ID, N_ID, Oname, Otype, Oroom) VALUES (57, 257, 157, 'Larus fuliginosus', 'Aver', 'S111'); 
INSERT INTO Operation (P_ID, D_ID, N_ID, Oname, Otype, Oroom) VALUES (58, 258, 158, 'Panthera tigris', 'Complex', 'P98'); 
INSERT INTO Operation (P_ID, D_ID, N_ID, Oname, Otype, Oroom) VALUES (59, 259, 159, 'Tringa glareola', 'Complex', 'D341'); 
INSERT INTO Operation (P_ID, D_ID, N_ID, Oname, Otype, Oroom) VALUES (60, 260, 160, 'Ovis ammon', 'Complex', 'S111'); 
INSERT INTO Operation (P_ID, D_ID, N_ID, Oname, Otype, Oroom) VALUES (61, 261, 161, 'Prionace glauca', 'Aver', 'F200'); 
INSERT INTO Operation (P_ID, D_ID, N_ID, Oname, Otype, Oroom) VALUES (62, 262, 162, 'Stercorarius longicausus', 'Mild', 'D341'); 
INSERT INTO Operation (P_ID, D_ID, N_ID, Oname, Otype, Oroom) VALUES (63, 263, 165, 'Phascogale tapoatafa', 'Mild', 'P98'); 
INSERT INTO Operation (P_ID, D_ID, N_ID, Oname, Otype, Oroom) VALUES (64, 264, 166, 'Butorides striatus', 'Aver', 'F200'); 
INSERT INTO Operation (P_ID, D_ID, N_ID, Oname, Otype, Oroom) VALUES (65, 265, 167, 'Pseudalopex gymnocercus', 'Mild', 'P98'); 
INSERT INTO Operation (P_ID, D_ID, N_ID, Oname, Otype, Oroom) VALUES (66, 266, 168, 'Eolophus roseicapillus', 'Aver', 'P98'); 
INSERT INTO Operation (P_ID, D_ID, N_ID, Oname, Otype, Oroom) VALUES (67, 267, 169, 'Phascogale calura', 'Mild', 'F200'); 
INSERT INTO Operation (P_ID, D_ID, N_ID, Oname, Otype, Oroom) VALUES (68, 268, 170, 'Phascogale tapoatafa', 'Complex', 'A233'); 
INSERT INTO Operation (P_ID, D_ID, N_ID, Oname, Otype, Oroom) VALUES (69, 269, 171, 'Terathopius ecaudatus', 'Mild', 'P98'); 
INSERT INTO Operation (P_ID, D_ID, N_ID, Oname, Otype, Oroom) VALUES (70, 270, 172, 'Nannopterum harrisi', 'Mild', 'A233'); 
INSERT INTO Operation (P_ID, D_ID, N_ID, Oname, Otype, Oroom) VALUES (71, 271, 173, 'Priodontes maximus', 'Aver', 'A233'); 
INSERT INTO Operation (P_ID, D_ID, N_ID, Oname, Otype, Oroom) VALUES (72, 272, 174, 'Pseudalopex gymnocercus', 'Complex', 'P98'); 
INSERT INTO Operation (P_ID, D_ID, N_ID, Oname, Otype, Oroom) VALUES (73, 273, 175, 'Eolophus roseicapillus', 'Complex', 'D341'); 
INSERT INTO Operation (P_ID, D_ID, N_ID, Oname, Otype, Oroom) VALUES (74, 274, 176, 'Milvus migrans', 'Aver', 'P98'); 
INSERT INTO Operation (P_ID, D_ID, N_ID, Oname, Otype, Oroom) VALUES (75, 275, 177, 'Sylvilagus floridanus', 'Complex', 'F200'); 
INSERT INTO Operation (P_ID, D_ID, N_ID, Oname, Otype, Oroom) VALUES (76, 276, 178, 'Vanessa indica', 'Aver', 'F200'); 
INSERT INTO Operation (P_ID, D_ID, N_ID, Oname, Otype, Oroom) VALUES (77, 277, 179, 'Choloepus hoffmani', 'Mild', 'S111'); 
INSERT INTO Operation (P_ID, D_ID, N_ID, Oname, Otype, Oroom) VALUES (78, 278, 180, 'Neotis denhami', 'Mild', 'A233'); 
INSERT INTO Operation (P_ID, D_ID, N_ID, Oname, Otype, Oroom) VALUES (79, 279, 181, 'Myrmecobius fasciatus', 'Complex', 'F200'); 
INSERT INTO Operation (P_ID, D_ID, N_ID, Oname, Otype, Oroom) VALUES (80, 280, 182, 'Tauraco porphyrelophus', 'Complex', 'D341'); 
INSERT INTO Operation (P_ID, D_ID, N_ID, Oname, Otype, Oroom) VALUES (81, 281, 183, 'Chordeiles minor', 'Complex', 'D341'); 
INSERT INTO Operation (P_ID, D_ID, N_ID, Oname, Otype, Oroom) VALUES (82, 282, 184, 'Trichosurus vulpecula', 'Aver', 'A233'); 
INSERT INTO Operation (P_ID, D_ID, N_ID, Oname, Otype, Oroom) VALUES (83, 283, 185, 'Erethizon dorsatum', 'Complex', 'P98'); 
INSERT INTO Operation (P_ID, D_ID, N_ID, Oname, Otype, Oroom) VALUES (84, 284, 186, 'Struthio camelus', 'Mild', 'F200'); 
INSERT INTO Operation (P_ID, D_ID, N_ID, Oname, Otype, Oroom) VALUES (85, 285, 187, 'Dicrostonyx groenlandicus', 'Complex', 'F200'); 
INSERT INTO Operation (P_ID, D_ID, N_ID, Oname, Otype, Oroom) VALUES (86, 286, 188, 'Ara ararauna', 'Aver', 'P98'); 
INSERT INTO Operation (P_ID, D_ID, N_ID, Oname, Otype, Oroom) VALUES (87, 287, 189, 'Anser anser', 'Mild', 'F200'); 
INSERT INTO Operation (P_ID, D_ID, N_ID, Oname, Otype, Oroom) VALUES (88, 288, 190, 'Columba palumbus', 'Aver', 'S111'); 
INSERT INTO Operation (P_ID, D_ID, N_ID, Oname, Otype, Oroom) VALUES (89, 289, 191, 'Rhea americana', 'Mild', 'F200'); 
INSERT INTO Operation (P_ID, D_ID, N_ID, Oname, Otype, Oroom) VALUES (90, 290, 192, 'Pavo cristatus', 'Aver', 'P98'); 
INSERT INTO Operation (P_ID, D_ID, N_ID, Oname, Otype, Oroom) VALUES (91, 291, 193, 'Diomedea irrorata', 'Aver', 'F200'); 
INSERT INTO Operation (P_ID, D_ID, N_ID, Oname, Otype, Oroom) VALUES (92, 292, 194, 'Chloephaga melanoptera', 'Mild', 'D341'); 
INSERT INTO Operation (P_ID, D_ID, N_ID, Oname, Otype, Oroom) VALUES (93, 293, 195, 'Tiliqua scincoides', 'Aver', 'D341'); 
INSERT INTO Operation (P_ID, D_ID, N_ID, Oname, Otype, Oroom) VALUES (94, 294, 196, 'Sarcorhamphus papa', 'Aver', 'D341'); 
INSERT INTO Operation (P_ID, D_ID, N_ID, Oname, Otype, Oroom) VALUES (95, 295, 197, 'Sterna paradisaea', 'Aver', 'S111'); 
INSERT INTO Operation (P_ID, D_ID, N_ID, Oname, Otype, Oroom) VALUES (96, 296, 198, 'Zenaida asiatica', 'Mild', 'A233'); 
INSERT INTO Operation (P_ID, D_ID, N_ID, Oname, Otype, Oroom) VALUES (97, 297, 199, 'Gymnorhina tibicen', 'Aver', 'A233'); 
INSERT INTO Operation (P_ID, D_ID, N_ID, Oname, Otype, Oroom) VALUES (98, 298, 200, 'Chelodina longicollis', 'Mild', 'F200'); 
INSERT INTO Operation (P_ID, D_ID, N_ID, Oname, Otype, Oroom) VALUES (99, 299, 201, 'Macropus rufus', 'Mild', 'A233'); 
INSERT INTO Operation (P_ID, D_ID, N_ID, Oname, Otype, Oroom) VALUES (100, 301, 202, 'Larus dominicanus', 'Aver', 'F200');



______________________________________________________________________________________________________________________________________________________________________________________



CREATE TABLE Treatment(
    D_ID INT,
    P_ID INT,
    Oname Varchar(50),
    D_code Varchar(50),
    Mname Varchar(50),
    FOREIGN KEY(D_ID, P_ID, D_code) REFERENCES Doctor(D_ID), Patient(P_ID), Diagnose(D_code)
);



INSERT INTO Treatment (D_ID, P_ID, Oname, D_code, Mname) VALUES (200, 1, 'Carphophis sp.', 'S75019D', 'II'); 
INSERT INTO Treatment (D_ID, P_ID, Oname, D_code, Mname) VALUES (203, 2, 'Platalea leucordia', 'S31149A', 'Jr'); 
INSERT INTO Treatment (D_ID, P_ID, Oname, D_code, Mname) VALUES (204, 3, 'Vombatus ursinus', 'F12221', 'III'); 
INSERT INTO Treatment (D_ID, P_ID, Oname, D_code, Mname) VALUES (205, 4, 'Chlamydosaurus kingii', 'S52182B', 'II'); 
INSERT INTO Treatment (D_ID, P_ID, Oname, D_code, Mname) VALUES (300, 5, 'Canis lupus baileyi', 'S52511C', 'III'); 
INSERT INTO Treatment (D_ID, P_ID, Oname, D_code, Mname) VALUES (206, 6, 'Anthropoides paradisea', 'T33819D', 'Jr'); 
INSERT INTO Treatment (D_ID, P_ID, Oname, D_code, Mname) VALUES (207, 7, 'Papilio canadensis', 'H353123', 'IV'); 
INSERT INTO Treatment (D_ID, P_ID, Oname, D_code, Mname) VALUES (208, 8, 'Crocuta crocuta', 'O29091', 'II'); 
INSERT INTO Treatment (D_ID, P_ID, Oname, D_code, Mname) VALUES (209, 9, 'Felis silvestris lybica', 'C8374', 'II'); 
INSERT INTO Treatment (D_ID, P_ID, Oname, D_code, Mname) VALUES (210, 10, 'Pseudocheirus peregrines', 'C8374', 'Sr'); 
INSERT INTO Treatment (D_ID, P_ID, Oname, D_code, Mname) VALUES (211, 11, 'Sula dactylatra', 'S36119', 'Jr'); 
INSERT INTO Treatment (D_ID, P_ID, Oname, D_code, Mname) VALUES (212, 12, 'Orcinus orca', 'S17', 'II'); 
INSERT INTO Treatment (D_ID, P_ID, Oname, D_code, Mname) VALUES (213, 13, 'Otocyon megalotis', 'S23141S', 'Jr'); 
INSERT INTO Treatment (D_ID, P_ID, Oname, D_code, Mname) VALUES (214, 14, 'Didelphis virginiana', 'N855', 'III'); 
INSERT INTO Treatment (D_ID, P_ID, Oname, D_code, Mname) VALUES (215, 15, 'Anser caerulescens', 'L890N85', 'II'); 
INSERT INTO Treatment (D_ID, P_ID, Oname, D_code, Mname) VALUES (216, 16, 'Butorides striatus', 'S89029', 'III'); 
INSERT INTO Treatment (D_ID, P_ID, Oname, D_code, Mname) VALUES (217, 17, 'Mirounga leonina', 'T8571XA', 'IV'); 
INSERT INTO Treatment (D_ID, P_ID, Oname, D_code, Mname) VALUES (218, 18, 'Carduelis pinus', 'Y93D3', 'II'); 
INSERT INTO Treatment (D_ID, P_ID, Oname, D_code, Mname) VALUES (219, 19, 'Bucorvus leadbeateri', 'M25021', 'Jr'); 
INSERT INTO Treatment (D_ID, P_ID, Oname, D_code, Mname) VALUES (220, 20, 'Butorides striatus', 'S89021K', 'II'); 
INSERT INTO Treatment (D_ID, P_ID, Oname, D_code, Mname) VALUES (221, 21, 'Martes pennanti', 'S01329', 'Jr'); 
INSERT INTO Treatment (D_ID, P_ID, Oname, D_code, Mname) VALUES (222, 22, 'Ammospermophilus nelsoni', 'S62662G','IV'); 
INSERT INTO Treatment (D_ID, P_ID, Oname, D_code, Mname) VALUES (223, 23, 'Eudyptula minor', 'W90', 'Sr'); 
INSERT INTO Treatment (D_ID, P_ID, Oname, D_code, Mname) VALUES (224, 24, 'Dicrurus adsimilis', 'L494', 'II'); 
INSERT INTO Treatment (D_ID, P_ID, Oname, D_code, Mname) VALUES (225, 25, 'Snycerus caffer', 'W16812', 'Sr'); 
INSERT INTO Treatment (D_ID, P_ID, Oname, D_code, Mname) VALUES (226, 26, 'Spizaetus coronatus', 'M0513', 'III'); 
INSERT INTO Treatment (D_ID, P_ID, Oname, D_code, Mname) VALUES (227, 27, 'Microcebus murinus', 'S60418', 'Jr'); 
INSERT INTO Treatment (D_ID, P_ID, Oname, D_code, Mname) VALUES (228, 28, 'Haliaeetus leucocephalus', 'H73019', 'IV'); 
INSERT INTO Treatment (D_ID, P_ID, Oname, D_code, Mname) VALUES (229, 29, 'Philetairus socius', 'T399', 'III'); 
INSERT INTO Treatment (D_ID, P_ID, Oname, D_code, Mname) VALUES (230, 30, 'Mycteria ibis', 'R0602', 'Stridex'); 
INSERT INTO Treatment (D_ID, P_ID, Oname, D_code, Mname) VALUES (231, 31, 'Bucorvus leadbeateri', 'S20412', 'Jr'); 
INSERT INTO Treatment (D_ID, P_ID, Oname, D_code, Mname) VALUES (232, 32, 'Petaurus breviceps', 'W16032A', 'III'); 
INSERT INTO Treatment (D_ID, P_ID, Oname, D_code, Mname) VALUES (233, 33, 'Pseudalopex gymnocercus', 'V313XXA', 'II'); 
INSERT INTO Treatment (D_ID, P_ID, Oname, D_code, Mname) VALUES (234, 34, 'Alectura lathami', 'E133539', 'Sr'); 
INSERT INTO Treatment (D_ID, P_ID, Oname, D_code, Mname) VALUES (235, 35, 'Geococcyx californianus', 'S82154J', 'II'); 
INSERT INTO Treatment (D_ID, P_ID, Oname, D_code, Mname) VALUES (236, 36, 'Cordylus giganteus', 'X948XXD', 'III'); 
INSERT INTO Treatment (D_ID, P_ID, Oname, D_code, Mname) VALUES (237, 37, 'Corvus brachyrhynchos', 'S62031P', 'IV'); 
INSERT INTO Treatment (D_ID, P_ID, Oname, D_code, Mname) VALUES (238, 38, 'Chloephaga melanoptera', 'M4846XG', 'Sr'); 
INSERT INTO Treatment (D_ID, P_ID, Oname, D_code, Mname) VALUES (239, 39, 'Dendrocitta vagabunda', 'Y35403', 'Sr'); 
INSERT INTO Treatment (D_ID, P_ID, Oname, D_code, Mname) VALUES (240, 40, 'Alectura lathami', 'H05129', 'III'); 
INSERT INTO Treatment (D_ID, P_ID, Oname, D_code, Mname) VALUES (241, 41, 'Dendrohyrax brucel', 'T486X5S', 'Sr'); 
INSERT INTO Treatment (D_ID, P_ID, Oname, D_code, Mname) VALUES (242, 42, 'Scolopax minor', 'S80272A', 'IV'); 
INSERT INTO Treatment (D_ID, P_ID, Oname, D_code, Mname) VALUES (243, 43, 'Pycnonotus barbatus', 'S86319S', 'II'); 
INSERT INTO Treatment (D_ID, P_ID, Oname, D_code, Mname) VALUES (244, 44, 'Cordylus giganteus', 'O411012', 'Sr'); 
INSERT INTO Treatment (D_ID, P_ID, Oname, D_code, Mname) VALUES (245, 45, 'Mirounga leonina', 'S92111D', 'II'); 
INSERT INTO Treatment (D_ID, P_ID, Oname, D_code, Mname) VALUES (246, 46, 'Chionis alba', 'M7641', 'Sr'); 
INSERT INTO Treatment (D_ID, P_ID, Oname, D_code, Mname) VALUES (247, 47, 'Junonia genoveua', 'I97710', 'IV'); 
INSERT INTO Treatment (D_ID, P_ID, Oname, D_code, Mname) VALUES (248, 48, 'Melophus lathami', 'S80211S', 'III'); 
INSERT INTO Treatment (D_ID, P_ID, Oname, D_code, Mname) VALUES (249, 49, 'Acrobates pygmaeus', 'M8901', 'Sr'); 
INSERT INTO Treatment (D_ID, P_ID, Oname, D_code, Mname) VALUES (250, 50, 'Panthera pardus', 'S72364Q', 'Sr'); 
INSERT INTO Treatment (D_ID, P_ID, Oname, D_code, Mname) VALUES (251, 51, 'Pan troglodytes', 'S22079D', 'III'); 
INSERT INTO Treatment (D_ID, P_ID, Oname, D_code, Mname) VALUES (252, 52, 'Trichoglossus haematodus moluccanus', 'S37599D', 'Jr'); 
INSERT INTO Treatment (D_ID, P_ID, Oname, D_code, Mname) VALUES (253, 53, 'Phoca vitulina', 'T426X5D', 'Jr'); 
INSERT INTO Treatment (D_ID, P_ID, Oname, D_code, Mname) VALUES (254, 54, 'Hymenolaimus malacorhynchus', 'S72012B', 'IV'); 
INSERT INTO Treatment (D_ID, P_ID, Oname, D_code, Mname) VALUES (255, 55, 'Aonyx cinerea', 'V9503XS', 'Jr'); 
INSERT INTO Treatment (D_ID, P_ID, Oname, D_code, Mname) VALUES (256, 56, 'Anastomus oscitans', 'T24702D', 'II'); 
INSERT INTO Treatment (D_ID, P_ID, Oname, D_code, Mname) VALUES (257, 57, 'Larus fuliginosus', 'S52692E', 'Sr'); 
INSERT INTO Treatment (D_ID, P_ID, Oname, D_code, Mname) VALUES (258, 58, 'Panthera tigris', 'G722', 'IV'); 
INSERT INTO Treatment (D_ID, P_ID, Oname, D_code, Mname) VALUES (259, 59, 'Tringa glareola', 'D8689', 'Jr'); 
INSERT INTO Treatment (D_ID, P_ID, Oname, D_code, Mname) VALUES (260, 60, 'Ovis ammon', 'S91144A', 'II'); 
INSERT INTO Treatment (D_ID, P_ID, Oname, D_code, Mname) VALUES (261, 61, 'Prionace glauca', 'S91226', 'IV'); 
INSERT INTO Treatment (D_ID, P_ID, Oname, D_code, Mname) VALUES (262, 62, 'Stercorarius longicausus', 'C8466', 'IV'); 
INSERT INTO Treatment (D_ID, P_ID, Oname, D_code, Mname) VALUES (263, 63, 'Phascogale tapoatafa', 'M86452', 'II'); 
INSERT INTO Treatment (D_ID, P_ID, Oname, D_code, Mname) VALUES (264, 64, 'Butorides striatus', 'H8002', 'IV'); 
INSERT INTO Treatment (D_ID, P_ID, Oname, D_code, Mname) VALUES (265, 65, 'Pseudalopex gymnocercus', 'X061XXA', 'II'); 
INSERT INTO Treatment (D_ID, P_ID, Oname, D_code, Mname) VALUES (266, 66, 'Eolophus roseicapillus', 'S52261N', 'III'); 
INSERT INTO Treatment (D_ID, P_ID, Oname, D_code, Mname) VALUES (267, 67, 'Phascogale calura', 'H6002', 'Jr'); 
INSERT INTO Treatment (D_ID, P_ID, Oname, D_code, Mname) VALUES (268, 68, 'Phascogale tapoatafa', 'O98519', 'Sr'); 
INSERT INTO Treatment (D_ID, P_ID, Oname, D_code, Mname) VALUES (269, 69, 'Terathopius ecaudatus', 'S91133', 'II'); 
INSERT INTO Treatment (D_ID, P_ID, Oname, D_code, Mname) VALUES (270, 70, 'Nannopterum harrisi', 'T367X3S', 'Jr'); 
INSERT INTO Treatment (D_ID, P_ID, Oname, D_code, Mname) VALUES (271, 71, 'Priodontes maximus', 'V8601', 'IV'); 
INSERT INTO Treatment (D_ID, P_ID, Oname, D_code, Mname) VALUES (272, 72, 'Pseudalopex gymnocercus', 'G8334', 'II'); 
INSERT INTO Treatment (D_ID, P_ID, Oname, D_code, Mname) VALUES (273, 73, 'Eolophus roseicapillus', 'H44021', 'III'); 
INSERT INTO Treatment (D_ID, P_ID, Oname, D_code, Mname) VALUES (274, 74, 'Milvus migrans', 'M79644', 'IV'); 
INSERT INTO Treatment (D_ID, P_ID, Oname, D_code, Mname) VALUES (275, 75, 'Sylvilagus floridanus', 'H6093', 'II'); 
INSERT INTO Treatment (D_ID, P_ID, Oname, D_code, Mname) VALUES (276, 76, 'Vanessa indica', 'S92051S', 'Sr'); 
INSERT INTO Treatment (D_ID, P_ID, Oname, D_code, Mname) VALUES (277, 77, 'Choloepus hoffmani', 'T363X4D', 'III'); 
INSERT INTO Treatment (D_ID, P_ID, Oname, D_code, Mname) VALUES (278, 78, 'Neotis denhami', 'S62525', 'Jr'); 
INSERT INTO Treatment (D_ID, P_ID, Oname, D_code, Mname) VALUES (279, 79, 'Myrmecobius fasciatus', 'S3091', 'III'); 
INSERT INTO Treatment (D_ID, P_ID, Oname, D_code, Mname) VALUES (280, 80, 'Tauraco porphyrelophus', 'S0125', 'III'); 
INSERT INTO Treatment (D_ID, P_ID, Oname, D_code, Mname) VALUES (281, 81, 'Chordeiles minor', 'S82123M', 'Sr'); 
INSERT INTO Treatment (D_ID, P_ID, Oname, D_code, Mname) VALUES (282, 82, 'Trichosurus vulpecula', 'S92034B', 'Jr'); 
INSERT INTO Treatment (D_ID, P_ID, Oname, D_code, Mname) VALUES (283, 83, 'Erethizon dorsatum', 'S21152A', 'III'); 
INSERT INTO Treatment (D_ID, P_ID, Oname, D_code, Mname) VALUES (284, 84, 'Struthio camelus', 'S52044J', 'Jr'); 
INSERT INTO Treatment (D_ID, P_ID, Oname, D_code, Mname) VALUES (285, 85, 'Dicrostonyx groenlandicus', 'S63692A', 'Jr'); 
INSERT INTO Treatment (D_ID, P_ID, Oname, D_code, Mname) VALUES (286, 86, 'Ara ararauna', 'S1224XS', 'Sr'); 
INSERT INTO Treatment (D_ID, P_ID, Oname, D_code, Mname) VALUES (287, 87, 'Anser anser', 'S52209R', 'III'); 
INSERT INTO Treatment (D_ID, P_ID, Oname, D_code, Mname) VALUES (288, 88, 'Columba palumbus', 'F028', 'IV'); 
INSERT INTO Treatment (D_ID, P_ID, Oname, D_code, Mname) VALUES (289, 89, 'Rhea americana', 'S91249', 'IV'); 
INSERT INTO Treatment (D_ID, P_ID, Oname, D_code, Mname) VALUES (290, 90, 'Pavo cristatus', 'S2241XA', 'III'); 
INSERT INTO Treatment (D_ID, P_ID, Oname, D_code, Mname) VALUES (291, 91, 'Diomedea irrorata', 'I702', 'IV'); 
INSERT INTO Treatment (D_ID, P_ID, Oname, D_code, Mname) VALUES (292, 92, 'Chloephaga melanoptera', 'S45299', 'II'); 
INSERT INTO Treatment (D_ID, P_ID, Oname, D_code, Mname) VALUES (293, 93, 'Tiliqua scincoides', 'S72025M', 'Jr'); 
INSERT INTO Treatment (D_ID, P_ID, Oname, D_code, Mname) VALUES (294, 94, 'Sarcorhamphus papa', 'O698', 'II'); 
INSERT INTO Treatment (D_ID, P_ID, Oname, D_code, Mname) VALUES (295, 95, 'Sterna paradisaea', 'O3102X2', 'Jr'); 
INSERT INTO Treatment (D_ID, P_ID, Oname, D_code, Mname) VALUES (296, 96, 'Zenaida asiatica', 'A320', 'III'); 
INSERT INTO Treatment (D_ID, P_ID, Oname, D_code, Mname) VALUES (297, 97, 'Gymnorhina tibicen', 'S31831D', 'IV'); 
INSERT INTO Treatment (D_ID, P_ID, Oname, D_code, Mname) VALUES (298, 98, 'Chelodina longicollis', 'S62335K', 'IV'); 
INSERT INTO Treatment (D_ID, P_ID, Oname, D_code, Mname) VALUES (299, 99, 'Macropus rufus', 'S61559S', 'III'); 
INSERT INTO Treatment (D_ID, P_ID, Oname, D_code, Mname) VALUES (301, 100, 'Larus dominicanus', 'T38902', 'Jr');


______________________________________________________________________________________________________________________________________________________________________________________


CREATE TABLE Medicine(
    Mname Varchar(50),
    Brand Varchar(50),
    Description Varchar(50)
);
    

INSERT INTO medicine (Mname, brand, Description) VALUES ('II', 'Harmon Face Values Cherry Blossom Scent Hand Sanit', 'Planar Nucl Med Imag of Neck Lymph using Oth Radionuclide'); 
INSERT INTO medicine (Mname, brand, Description) VALUES ('Jr', 'Stratuscare Milk of Magnesia', 'Reposition Coccygeal Joint'); 
INSERT INTO medicine (Mname, brand, Description) VALUES ('Jr', 'Methylphenidate Hydrochloride', 'Reattachment of Left Lobe Liver'); 
INSERT INTO medicine (Mname, brand, Description) VALUES ('II', 'SE 10-5 SS', 'Fluoroscopy of Right Subclavian Vein using L Osm Contrast');  
INSERT INTO medicine (Mname, brand, Description) VALUES ('Jr', 'pain relief', 'External Approach'); 
INSERT INTO medicine (Mname, brand, Description) VALUES ('III', 'Povidone Iodine Impregnated', 'Perc Endo Approach'); 
INSERT INTO medicine (Mname, brand, Description) VALUES ('IV', 'Simvastatin', 'Excision of Left Thumb Phalanx'); 
INSERT INTO medicine (Mname, brand, Description) VALUES ('II', 'Ferrum Phos', 'Phenylephrine Hydrochloride');  
INSERT INTO medicine (Mname, brand, Description) VALUES ('II', 'Cat Flea', 'Occlusion of Right Main Bronchus'); 
INSERT INTO medicine (Mname, brand, Description) VALUES ('III', 'Spinach', 'Perc Endo');  
INSERT INTO medicine (Mname, brand, Description) VALUES ('III', 'Fexofenadine Hydrochloride', 'Drainage of Left Finger Phalanx');  
INSERT INTO medicine (Mname, brand, Description) VALUES ('II', 'Fenoprofen', 'Urinary System');  
INSERT INTO medicine (Mname, brand, Description) VALUES ('III', 'AILANTHUS ALTISSIMA POLLEN', 'Transfer Perineum Subcu');  
INSERT INTO medicine (Mname, brand, Description) VALUES ('IV', 'CENTER-AL - AMBROSIA ACANTHICARPA POLLEN', 'Insertion of Int Fix INTO R Ulna');  
INSERT INTO medicine (Mname, brand, Description) VALUES ('IV', 'Sinusin', 'Bypass R Subclav Art to R Low Arm Art w Autol Art');  
INSERT INTO medicine (Mname, brand, Description) VALUES ('IV', 'Dandruff', 'Lower Joints');  
INSERT INTO medicine (Mname, brand, Description) VALUES ('Jr', 'Clinpro 5000', 'Percutaneous Endoscopic Approach');  
INSERT INTO medicine (Mname, brand, Description) VALUES ('II', 'Moisturizing Glucosamine brand', 'Drainage of Female Perineum');  
INSERT INTO medicine (Mname, brand, Description) VALUES ('Sr', 'Phenobarbital', 'Destruction of Left Hand Artery');  
INSERT INTO medicine (Mname, brand, Description) VALUES ('IV', 'Jasmine Mint Antibacterial Foaming Hand Wash', 'Transfer Abducens Nerve to Trochlear Nrv');  
INSERT INTO medicine (Mname, brand, Description) VALUES ('Jr', 'Obao', 'Extirpation of Matter from Aortic Valve');  
INSERT INTO medicine (Mname, brand, Description) VALUES ('Jr', 'Lovastatin', 'Removal of Drain Dev from Cisterna Chyli');  
INSERT INTO medicine (Mname, brand, Description) VALUES ('Sr', 'Midazolam Hydrochloride', 'Measurement of Biliary Flow');  
INSERT INTO medicine (Mname, brand, Description) VALUES ('II', 'Valsartan and Hydrochlorothiazide', 'Drainage of Sciatic Nerve');  
INSERT INTO medicine (Mname, brand, Description) VALUES ('Jr', 'good sense pain reliefchildrens', 'Removal of Nonaut Sub from L Pelvic Bone');  
INSERT INTO medicine (Mname, brand, Description) VALUES ('Jr', 'Felodipine', 'Insertion of Ext Fix INTO L Acetabulum');  
INSERT INTO medicine (Mname, brand, Description) VALUES ('III', 'Captopril', 'Replacement of Right Ulna with Synth Sub');  
INSERT INTO medicine (Mname, brand, Description) VALUES ('IV', 'ADVANCED HYDRO-LIQUID COMPACT (REFILL)' 'Extirpation of Matter from T-lum Jt');  
INSERT INTO medicine (Mname, brand, Description) VALUES ('IV', 'HEAD COLD', 'Drainage of Inf Mesent Vein with Drain Dev');  
INSERT INTO medicine (Mname, brand, Description) VALUES ('III', 'Tretin-X', 'Repair Right 4th Toe');  
INSERT INTO medicine (Mname, brand, Description) VALUES ('III', 'Divalproex sodium', 'Alteration of Left Upper Extremity');  
INSERT INTO medicine (Mname, brand, Description) VALUES ('Sr', 'CLARINS Ever Matte SPF 15 - 103 Ivory', 'Supplement L Humeral Shaft w Synth Sub');  
INSERT INTO medicine (Mname, brand, Description) VALUES ('Sr', 'Olanzapine', 'Restrict of L Axilla Lymph with Intralum Dev');  
INSERT INTO medicine (Mname, brand, Description) VALUES ('II', 'Idarubicin Hydrochloride', 'Dilate Gastric Art');  
INSERT INTO medicine (Mname, brand, Description) VALUES ('Sr', 'Gabapentin', 'Excision of Right Lower Femur');  
INSERT INTO medicine (Mname, brand, Description) VALUES ('Jr', 'Clonidine Hydrochloride', 'Release Left Ankle Bursa and Ligament');  
INSERT INTO medicine (Mname, brand, Description) VALUES ('III', 'Coppertone', 'Irrigation of Genitourinary Tract using Irrigat');  
INSERT INTO medicine (Mname, brand, Description) VALUES ('IV', 'Carbidopa and Levodopa', 'Occlusion Mesenteric Lymph w Intralum Dev');  
INSERT INTO medicine (Mname, brand, Description) VALUES ('IV', 'CD DIORSKIN STAR Studio Makeup Spectacular Brighte', 'Repair Right Metatarsal-Phalangeal Joint');  
INSERT INTO medicine (Mname, brand, Description) VALUES ('Jr', 'Desonide', 'Removal of Int Fix from R Fibula');  
INSERT INTO medicine (Mname, brand, Description) VALUES ('III', 'Sertraline', 'Transfer Pudendal Nerve to Lumbar Nerve'); 
INSERT INTO medicine (Mname, brand, Description) VALUES ('Jr', 'NO-AD Sport SPF30 Continuous Mist Sunscreen', 'Introduction of Oth Therap Subst INTO Heart'); 
INSERT INTO medicine (Mname, brand, Description) VALUES ('II', 'Plus Pharma Extra Strength Acetaminophen PM', 'Drainage of Right Ureter'); 
INSERT INTO medicine (Mname, brand, Description) VALUES ('IV', 'RITE AID RENEWAL', 'Removal of Nonaut Sub from Cervcal Vertebr'); 
INSERT INTO medicine (Mname, brand, Description) VALUES ('IV', 'INDOMETHACIN', 'Fusion of L Elbow Jt with Autol Sub'); 
INSERT INTO medicine (Mname, brand, Description) VALUES ('II', 'Granisetron', 'Aspirin Free Headache PM');  
INSERT INTO medicine (Mname, brand, Description) VALUES ('II', 'Ondansetron', 'Removal of Splint on Chest Wall');  
INSERT INTO medicine (Mname, brand, Description) VALUES ('Sr', 'Amitriptyline Hydrochloride', 'Insertion of Infusion Device INTO L Foot Art'); 
INSERT INTO medicine (Mname, brand, Description) VALUES ('IV', 'Colace', 'Fluoroscopy of Mouth Oropharynx')  
INSERT INTO medicine (Mname, brand, Description) VALUES ('IV', 'Amantadine Hydrochloride', 'Supplement L Frontal Bone w Nonaut Sub')  
INSERT INTO medicine (Mname, brand, Description) VALUES ('II', 'Giant Wild Rye', 'Planar Nuclear Medicine Imaging of Chest using Gallium 67'); 
INSERT INTO medicine (Mname, brand, Description) VALUES ('III', 'Loryna', 'Insertion of Spacer INTO L Elbow Jt, Perc Endo Approach');  
INSERT INTO medicine (Mname, brand, Description) VALUES ('Sr', 'Rite Aid', 'Wound Management Treatment of Integu Body'); 
INSERT INTO medicine (Mname, brand, Description) VALUES ('Sr', 'Lupaneta Pack', 'High Dose Rate (HDR) Brachytherapy of Ear using Cesium 137');  
INSERT INTO medicine (Mname, brand, Description) VALUES ('II', 'Leucovorin Calcium', 'Drainage of Right Patella');  
INSERT INTO medicine (Mname, brand, Description) VALUES ('Sr', 'Isopropyl Alcohol', 'Dilate R Ext Iliac Art');  
INSERT INTO medicine (Mname, brand, Description) VALUES ('Sr', 'Risperidone', 'Anticoagulant Citrate Phosphate Dextrose'); 
INSERT INTO medicine (Mname, brand, Description) VALUES ('Jr', 'Clindamycinhydrochloride', 'Amlodipine besylate'); 
INSERT INTO medicine (Mname, brand, Description) VALUES ('III', 'Pollens - Trees, Pepper Tree, California Schinus m', 'Supplement L Low Arm & Wrist Muscle w Autol Sub');  
INSERT INTO medicine (Mname, brand, Description) VALUES ('III', 'daytime nitetime sinus', 'Dilate L Int Carotid');  
INSERT INTO medicine (Mname, brand, Description) VALUES ('IV', 'Heparin Sodium and Sodium Chloride', 'LDR Brachytherapy of Pineal Body using Iridium 192');  
INSERT INTO medicine (Mname, brand, Description) VALUES ('II', 'Lithium Carbonate', 'Removal of Autol Sub from Nasal Bone'); 
INSERT INTO medicine (Mname, brand, Description) VALUES ('II', 'Ampicillin Sodium and Sulbactam Sodium', 'External Approach');  
INSERT INTO medicine (Mname, brand, Description) VALUES ('Sr', 'COMBIVIR', 'CT Scan of L Knee using L Osm Contrast');  
INSERT INTO medicine (Mname, brand, Description) VALUES ('Sr', 'foundcealer 2-in-1 foundation and concealer Broad', 'Replace of R Parietal Bone with Nonaut Sub'); 
INSERT INTO medicine (Mname, brand, Description) VALUES ('III', 'Exelon', 'Repair Left Iris'); 
INSERT INTO medicine (Mname, brand, Description) VALUES ('III', 'LIPTRUZET', 'Replacement of Upper Gingiva with Nonaut Sub'); 
INSERT INTO medicine (Mname, brand, Description) VALUES ('III', 'Wart Control', 'Up and Up allergy and congestion relief'); 
INSERT INTO medicine (Mname, brand, Description) VALUES ('Jr', 'ONDANSETRON HYDROCHLORIDE', 'Release Left Brachial Vein'); 
INSERT INTO medicine (Mname, brand, Description) VALUES ('IV', 'Wal-Zan', 'Ear Protector Attentuation Assessment');  
INSERT INTO medicine (Mname, brand, Description) VALUES ('Sr', 'Potassium Chloride', 'Transfuse Nonaut Hemat Stem Cell in Periph Art'); 
INSERT INTO medicine (Mname, brand, Description) VALUES ('IV', 'Hydro Skin', 'Excision of Left Greater Saphenous Vein');  
INSERT INTO medicine (Mname, brand, Description) VALUES ('IV', 'Panama Jack', 'MRI of Abd Aorta using Oth Contrast');  
INSERT INTO medicine (Mname, brand, Description) VALUES ('Jr', 'Virt-Select', 'Bypass Pulm Trunk from Subclav w Autol Art');  
INSERT INTO medicine (Mname, brand, Description) VALUES ('Jr', 'IMOVAX RABIES', 'Transfer L Up Leg Muscle with Skin'); 
INSERT INTO medicine (Mname, brand, Description) VALUES ('IV', 'Acetazolamide', 'Release Left Humeral Shaft'); 
INSERT INTO medicine (Mname, brand, Description) VALUES ('IV', 'health mart nasal decongestant pe', 'Insert Limb Length Dev in L Humeral Shaft'); 
INSERT INTO medicine (Mname, brand, Description) VALUES ('Jr', 'CVS PHARMACY','Excision of Right Maxilla'); 
INSERT INTO medicine (Mname, brand, Description) VALUES ('Sr', 'Amlodipine Besylate', 'Bambusa Nicotiana'); 
INSERT INTO medicine (Mname, brand, Description) VALUES ('III', 'METHADONE HYDROCHLORIDE', 'Venlafaxine Hydrochloride'); 
INSERT INTO medicine (Mname, brand, Description) VALUES ('IV', 'Folic Acid', 'cold and sinus relief');  
INSERT INTO medicine (Mname, brand, Description) VALUES ('IV', 'Prednisone', 'Repair Left Ring Finger');  
INSERT INTO medicine (Mname, brand, Description) VALUES ('IV', 'AMOXICILLIN', 'Plain Radiography of L Int Carotid using Oth Contrast');  
INSERT INTO medicine (Mname, brand, Description) VALUES ('Sr', 'Walgreens SUNSCREEN Sport', 'Cuprum Metallicum');  
INSERT INTO medicine (Mname, brand, Description) VALUES ('III', 'Miconole', 'HYDROCODONE BITARTRATE AND ACETAMINOPHEN'); 
INSERT INTO medicine (Mname, brand, Description) VALUES ('Sr', 'CVS PHARMACY', 'Drainage of Right Ethmoid Bone');  
INSERT INTO medicine (Mname, brand, Description) VALUES ('II', 'CITALOPRAM HYDROBROMIDE', 'Release Vestibular Gland');  
INSERT INTO medicine (Mname, brand, Description) VALUES ('III', 'Bambusa Stibium', 'Destruction of Left Diaphragm');  
INSERT INTO medicine (Mname, brand, Description) VALUES ('IV', 'FENTANYL CITRATE', 'Excision of Right Tarsal'); 
INSERT INTO medicine (Mname, brand, Description) VALUES ('Sr', 'WHITE LAVENDAR AND MINT ANTIBACTERIAL GENTLE FOAMI', 'Dilate R Ulnar Art w 4+ Intralum Dev'); 
INSERT INTO medicine (Mname, brand, Description) VALUES ('III', 'Res-Q Analgesic Topical Pain Relief', 'Sure Invisible Solid Powder Scent');   
INSERT INTO medicine (Mname, brand, Description) VALUES ('III', 'Apri', 'Repair Soft Palate'); 
INSERT INTO medicine (Mname, brand, Description) VALUES ('IV', 'Dexamethasone Sodium Phosphate', 'Excision of C-thor Disc'); 
INSERT INTO medicine (Mname, brand, Description) VALUES ('IV', 'UNITHROID', 'Standardized Mite');  
INSERT INTO medicine (Mname, brand, Description) VALUES ('IV', 'Clotrimazole and Betamethasone Dipropionate', 'Monitoring of Arterial Pulse'); 
INSERT INTO medicine (Mname, brand, Description) VALUES ('II', 'Imipramine Hydrochloride', 'Removal of Int Fix from Sacrococcygeal Jt'); 
INSERT INTO medicine (Mname, brand, Description) VALUES ('Jr', 'ROVECTIN', 'Occlusion of Bladder'); 
INSERT INTO medicine (Mname, brand, Description) VALUES ('III', 'Hydroxyzine Hydrochloride', 'Reattachment of Right Large Intestine');  
INSERT INTO medicine (Mname, brand, Description) VALUES ('III', 'SULPHUR', 'Bypass R Brach Art to Up Arm Vein w Nonaut Sub'); 
INSERT INTO medicine (Mname, brand, Description) VALUES ('III', 'Trick or Treat Antibacterial Hand', 'Perindopril Erbumine');

______________________________________________________________________________________________________________________________________________________________________________________


CREATE TABLE Diagnose(
    P_ID INT,
    D_code Varchar(50),
    Dg_name Varchar(50),
    PRIMARY KEY(D_code),
    FOREIGN KEY(P_ID) REFERENCES Patient(P_ID)
);


INSERT INTO Diagnose (P_ID, D_code, Dg_name) VALUES (1, 'S75019D', 'Cedar Elm');
INSERT INTO Diagnose (P_ID, D_code, Dg_name) VALUES (2, 'S31149A', 'Yuma Browneyes');
INSERT INTO Diagnose (P_ID, D_code, Dg_name) VALUES (3, 'F12221', 'Desert Seepweed');
INSERT INTO Diagnose (P_ID, D_code, Dg_name) VALUES (4, 'S52182B', 'Ruby Chalice Clarkia');
INSERT INTO Diagnose (P_ID, D_code, Dg_name) VALUES (5, 'S52511C', 'Marcescent Dudleya');
INSERT INTO Diagnose (P_ID, D_code, Dg_name) VALUES (6, 'T33819D', 'Calliergon Moss');
INSERT INTO Diagnose (P_ID, D_code, Dg_name) VALUES (7, 'H353123', 'September Elm');
INSERT INTO Diagnose (P_ID, D_code, Dg_name) VALUES (8, 'O29091', 'Applegate''s Milkvetch');
INSERT INTO Diagnose (P_ID, D_code, Dg_name) VALUES (9, 'C8374', 'Nakedstem Phacelia');
INSERT INTO Diagnose (P_ID, D_code, Dg_name) VALUES (10, 'S72363F', 'Yucatan Noddingcaps');
INSERT INTO Diagnose (P_ID, D_code, Dg_name) VALUES (11, 'S36119', 'Light And Dark Lichen');
INSERT INTO Diagnose (P_ID, D_code, Dg_name) VALUES (12, 'S17', 'Harford''s Sedge');
INSERT INTO Diagnose (P_ID, D_code, Dg_name) VALUES (13, 'S23141S', 'Undulate Atrichum Moss');
INSERT INTO Diagnose (P_ID, D_code, Dg_name) VALUES (14, 'N855', 'Connect Sedge');
INSERT INTO Diagnose (P_ID, D_code, Dg_name) VALUES (15, 'L890', 'Gasp Peninsula Arrowgrass');
INSERT INTO Diagnose (P_ID, D_code, Dg_name) VALUES (16, 'S89029', 'Villous Lilac');
INSERT INTO Diagnose (P_ID, D_code, Dg_name) VALUES (17, 'T8571XA', 'Enchanter''s Nightshade');
INSERT INTO Diagnose (P_ID, D_code, Dg_name) VALUES (18, 'Y93D3', 'Ophioparma Lichen');
INSERT INTO Diagnose (P_ID, D_code, Dg_name) VALUES (19, 'M25021', 'Hybrid Rose');
INSERT INTO Diagnose (P_ID, D_code, Dg_name) VALUES (20, 'S89021K', 'Longstalk Clover');
INSERT INTO Diagnose (P_ID, D_code, Dg_name) VALUES (21, 'S01329', 'Douglas''s Milkvetch');
INSERT INTO Diagnose (P_ID, D_code, Dg_name) VALUES (22, 'S62662G', 'Fairy Flax');
INSERT INTO Diagnose (P_ID, D_code, Dg_name) VALUES (23, 'W90', 'Drug Snowbell');
INSERT INTO Diagnose (P_ID, D_code, Dg_name) VALUES (24, 'L494', 'Sweetvetch');
INSERT INTO Diagnose (P_ID, D_code, Dg_name) VALUES (25, 'W16812', 'Pinto Beardtongue');
INSERT INTO Diagnose (P_ID, D_code, Dg_name) VALUES (26, 'M0513', 'Orange Lichen');
INSERT INTO Diagnose (P_ID, D_code, Dg_name) VALUES (27, 'S60418', 'Las Vegas Cryptantha');
INSERT INTO Diagnose (P_ID, D_code, Dg_name) VALUES (28, 'H73019', 'Spring Biatora Lichen');
INSERT INTO Diagnose (P_ID, D_code, Dg_name) VALUES (29, 'T399', 'Quillwort Yelloweyed Grass');
INSERT INTO Diagnose (P_ID, D_code, Dg_name) VALUES (30, 'R0602', 'Small Palafox');
INSERT INTO Diagnose (P_ID, D_code, Dg_name) VALUES (31, 'S20412', 'Egyptian Panicgrass');
INSERT INTO Diagnose (P_ID, D_code, Dg_name) VALUES (32, 'W16032A', 'Sea Rush');
INSERT INTO Diagnose (P_ID, D_code, Dg_name) VALUES (33, 'V313XXA', 'Hairy Forked Nailwort');
INSERT INTO Diagnose (P_ID, D_code, Dg_name) VALUES (34, 'E133539', 'Water Sphagnum');
INSERT INTO Diagnose (P_ID, D_code, Dg_name) VALUES (35, 'S82154J', 'Hyeronima');
INSERT INTO Diagnose (P_ID, D_code, Dg_name) VALUES (36, 'X948XXD', 'Navajo Cinquefoil');
INSERT INTO Diagnose (P_ID, D_code, Dg_name) VALUES (37, 'S62031P', 'Garden Mignonette');
INSERT INTO Diagnose (P_ID, D_code, Dg_name) VALUES (38, 'M4846XG', 'Groundplum Milkvetch');
INSERT INTO Diagnose (P_ID, D_code, Dg_name) VALUES (39, 'Y35403', 'Strawberrytree');
INSERT INTO Diagnose (P_ID, D_code, Dg_name) VALUES (40, 'H05129', 'Kaffir-lily');
INSERT INTO Diagnose (P_ID, D_code, Dg_name) VALUES (41, 'T486X5S', 'Drummond''s Campion');
INSERT INTO Diagnose (P_ID, D_code, Dg_name) VALUES (42, 'S80272A', 'Northern Singlespike Sedge');
INSERT INTO Diagnose (P_ID, D_code, Dg_name) VALUES (43, 'S86319S', 'Wildrye');
INSERT INTO Diagnose (P_ID, D_code, Dg_name) VALUES (44, 'O411012', 'Purple Gaymallow');
INSERT INTO Diagnose (P_ID, D_code, Dg_name) VALUES (45, 'S92111D', 'Evergreen Quillwort');
INSERT INTO Diagnose (P_ID, D_code, Dg_name) VALUES (46, 'M7641', 'Hawthorn');
INSERT INTO Diagnose (P_ID, D_code, Dg_name) VALUES (47, 'I97710', 'Rough Hawkweed');
INSERT INTO Diagnose (P_ID, D_code, Dg_name) VALUES (48, 'S80211S', 'Rimmed Lichen');
INSERT INTO Diagnose (P_ID, D_code, Dg_name) VALUES (49, 'M8901', 'Narrowleaf Hawkweed');
INSERT INTO Diagnose (P_ID, D_code, Dg_name) VALUES (50, 'S72364Q', 'California Goosefoot');
INSERT INTO Diagnose (P_ID, D_code, Dg_name) VALUES (51, 'S22079D', 'Chihuahuan Beehive');
INSERT INTO Diagnose (P_ID, D_code, Dg_name) VALUES (52, 'S37599D', 'Philonotis Moss');
INSERT INTO Diagnose (P_ID, D_code, Dg_name) VALUES (53, 'T426X5D', 'Pale Botrychium');
INSERT INTO Diagnose (P_ID, D_code, Dg_name) VALUES (54, 'S72012B', 'Pilocarpus');
INSERT INTO Diagnose (P_ID, D_code, Dg_name) VALUES (55, 'V9503XS', 'Handsome Beardtongue');
INSERT INTO Diagnose (P_ID, D_code, Dg_name) VALUES (56, 'T24702D', 'Apple Blossom');
INSERT INTO Diagnose (P_ID, D_code, Dg_name) VALUES (57, 'S52692E', 'Indian Hedgemustard');
INSERT INTO Diagnose (P_ID, D_code, Dg_name) VALUES (58, 'G722', 'Collared Annual Lupine');
INSERT INTO Diagnose (P_ID, D_code, Dg_name) VALUES (59, 'D8689', 'Mendez''s Sandmat');
INSERT INTO Diagnose (P_ID, D_code, Dg_name) VALUES (60, 'S91144A', 'Mt. Rose Monkeyflower');
INSERT INTO Diagnose (P_ID, D_code, Dg_name) VALUES (61, 'S91226', 'Devil''s Cholla');
INSERT INTO Diagnose (P_ID, D_code, Dg_name) VALUES (62, 'C8466', 'Koolau Range Lobelia');
INSERT INTO Diagnose (P_ID, D_code, Dg_name) VALUES (63, 'M86452', 'Xanthoparmelia Lichen');
INSERT INTO Diagnose (P_ID, D_code, Dg_name) VALUES (64, 'H8002', 'Bracted Popcornflower');
INSERT INTO Diagnose (P_ID, D_code, Dg_name) VALUES (65, 'X061XXA', 'Trailing Windmills');
INSERT INTO Diagnose (P_ID, D_code, Dg_name) VALUES (66, 'S52261N', 'Peltula Lichen');
INSERT INTO Diagnose (P_ID, D_code, Dg_name) VALUES (67, 'H6002', 'Meadow Evening Primrose');
INSERT INTO Diagnose (P_ID, D_code, Dg_name) VALUES (68, 'O98519', 'Cliff Desertdandelion');
INSERT INTO Diagnose (P_ID, D_code, Dg_name) VALUES (69, 'S91133', 'Oregano');
INSERT INTO Diagnose (P_ID, D_code, Dg_name) VALUES (70, 'T367X3S', 'Red Lovegrass');
INSERT INTO Diagnose (P_ID, D_code, Dg_name) VALUES (71, 'V8601', 'Bering Chickweed');
INSERT INTO Diagnose (P_ID, D_code, Dg_name) VALUES (72, 'G8334', 'Hippo Grass');
INSERT INTO Diagnose (P_ID, D_code, Dg_name) VALUES (73, 'H44021', 'Sonora Lupine');
INSERT INTO Diagnose (P_ID, D_code, Dg_name) VALUES (74, 'M79644', 'Needlegrass');
INSERT INTO Diagnose (P_ID, D_code, Dg_name) VALUES (75, 'H6093', 'Smallflower Bluecurls');
INSERT INTO Diagnose (P_ID, D_code, Dg_name) VALUES (76, 'S92051S', 'Tipa');
INSERT INTO Diagnose (P_ID, D_code, Dg_name) VALUES (77, 'T363X4D', 'Cutleaf Gumweed');
INSERT INTO Diagnose (P_ID, D_code, Dg_name) VALUES (78, 'S62525', 'Jesup''s Hawthorn');
INSERT INTO Diagnose (P_ID, D_code, Dg_name) VALUES (79, 'S3091', 'Sand Sagebrush');
INSERT INTO Diagnose (P_ID, D_code, Dg_name) VALUES (80, 'S0125', 'Goldbloom Saxifrage');
INSERT INTO Diagnose (P_ID, D_code, Dg_name) VALUES (81, 'S82123M', 'Pygmy Linanthus');
INSERT INTO Diagnose (P_ID, D_code, Dg_name) VALUES (82, 'S92034B', 'Masdevallia');
INSERT INTO Diagnose (P_ID, D_code, Dg_name) VALUES (83, 'S21152A', 'Mission Grass');
INSERT INTO Diagnose (P_ID, D_code, Dg_name) VALUES (84, 'S52044J', 'Three-angle Spikerush');
INSERT INTO Diagnose (P_ID, D_code, Dg_name) VALUES (85, 'S63692A', 'Bermudagrass');
INSERT INTO Diagnose (P_ID, D_code, Dg_name) VALUES (86, 'S1224XS', 'Cyrto-hypnum Moss');
INSERT INTO Diagnose (P_ID, D_code, Dg_name) VALUES (87, 'S52209R', 'San Felipe Monardella');
INSERT INTO Diagnose (P_ID, D_code, Dg_name) VALUES (88, 'F028', 'Galactic Dot Lichen');
INSERT INTO Diagnose (P_ID, D_code, Dg_name) VALUES (89, 'S91249', 'Spanish Lupine');
INSERT INTO Diagnose (P_ID, D_code, Dg_name) VALUES (90, 'S2241XA', 'Fatpork');
INSERT INTO Diagnose (P_ID, D_code, Dg_name) VALUES (91, 'I702', 'Rim Lichen');
INSERT INTO Diagnose (P_ID, D_code, Dg_name) VALUES (92, 'S45299', 'Durango Root');
INSERT INTO Diagnose (P_ID, D_code, Dg_name) VALUES (93, 'S72025M', 'Coastal Indian Mallow');
INSERT INTO Diagnose (P_ID, D_code, Dg_name) VALUES (94, 'O698', 'Wild Coffee');
INSERT INTO Diagnose (P_ID, D_code, Dg_name) VALUES (95, 'O3102X2', 'Cholla');
INSERT INTO Diagnose (P_ID, D_code, Dg_name) VALUES (96, 'A320', 'Bull''s Coraldrops');
INSERT INTO Diagnose (P_ID, D_code, Dg_name) VALUES (97, 'S31831D', 'Bulblet Bladderfern');
INSERT INTO Diagnose (P_ID, D_code, Dg_name) VALUES (98, 'S62335K', 'Yellow Nightshade Groundcherry');
INSERT INTO Diagnose (P_ID, D_code, Dg_name) VALUES (99, 'S61559S', 'Sprawling Hoarypea');
INSERT INTO Diagnose (P_ID, D_code, Dg_name) VALUES (100, 'T38902', 'Sonoma Hedgenettle');


______________________________________________________________________________________________________________________________________________________________________________________


CREATE TABLE Block(
    N_ID INT,
    B_code Varchar(50),
    Floor INT,
    PRIMARY KEY(B_code),
    FOREIGN KEY(N_ID) REFERENCES Nurse(N_ID)
);


INSERT INTO Block (N_ID, B_code, Floor) VALUES (102, '1N', 1); 
INSERT INTO Block (N_ID, B_code, Floor) VALUES (108, '2N', 1); 
INSERT INTO Block (N_ID, B_code, Floor) VALUES (109, '3N', 1); 
INSERT INTO Block (N_ID, B_code, Floor) VALUES (118, '4N', 1); 
INSERT INTO Block (N_ID, B_code, Floor) VALUES (129, '5N', 1); 
INSERT INTO Block (N_ID, B_code, Floor) VALUES (133, '6N', 1); 
INSERT INTO Block (N_ID, B_code, Floor) VALUES (134, '7N', 1); 
INSERT INTO Block (N_ID, B_code, Floor) VALUES (144, '8N', 1); 
INSERT INTO Block (N_ID, B_code, Floor) VALUES (152, '9N', 1); 
INSERT INTO Block (N_ID, B_code, Floor) VALUES (155, '1A', 2); 
INSERT INTO Block (N_ID, B_code, Floor) VALUES (159, '2A', 2); 
INSERT INTO Block (N_ID, B_code, Floor) VALUES (162, '3A', 2); 
INSERT INTO Block (N_ID, B_code, Floor) VALUES (165, '4A', 2); 
INSERT INTO Block (N_ID, B_code, Floor) VALUES (171, '5A', 2); 
INSERT INTO Block (N_ID, B_code, Floor) VALUES (174, '6A', 2); 
INSERT INTO Block (N_ID, B_code, Floor) VALUES (190, '7A', 2); 
INSERT INTO Block (N_ID, B_code, Floor) VALUES (202, '8A', 2); 
INSERT INTO Block (N_ID, B_code, Floor) VALUES (231, '9A', 2); 
INSERT INTO Block (N_ID, B_code, Floor) VALUES (233, '1B', 3); 
INSERT INTO Block (N_ID, B_code, Floor) VALUES (234, '2B', 3); 
INSERT INTO Block (N_ID, B_code, Floor) VALUES (239, '3B', 3); 
INSERT INTO Block (N_ID, B_code, Floor) VALUES (248, '4B', 3); 
INSERT INTO Block (N_ID, B_code, Floor) VALUES (258, '5B', 3); 
INSERT INTO Block (N_ID, B_code, Floor) VALUES (259, '6B', 3); 
INSERT INTO Block (N_ID, B_code, Floor) VALUES (268, '7B', 3); 
INSERT INTO Block (N_ID, B_code, Floor) VALUES (271, '8B', 3); 
INSERT INTO Block (N_ID, B_code, Floor) VALUES (279, '9B', 3); 
INSERT INTO Block (N_ID, B_code, Floor) VALUES (288, '1C', 4); 
INSERT INTO Block (N_ID, B_code, Floor) VALUES (289, '2C', 4); 
INSERT INTO Block (N_ID, B_code, Floor) VALUES (303, '3C', 4); 
INSERT INTO Block (N_ID, B_code, Floor) VALUES (307, '4C', 4); 
INSERT INTO Block (N_ID, B_code, Floor) VALUES (311, '5C', 4); 
INSERT INTO Block (N_ID, B_code, Floor) VALUES (317, '6C', 4); 
INSERT INTO Block (N_ID, B_code, Floor) VALUES (323, '7C', 4); 
INSERT INTO Block (N_ID, B_code, Floor) VALUES (329, '8C', 4); 
INSERT INTO Block (N_ID, B_code, Floor) VALUES (351, '9C', 4); 
INSERT INTO Block (N_ID, B_code, Floor) VALUES (352, '1D', 5); 
INSERT INTO Block (N_ID, B_code, Floor) VALUES (356, '2D', 5); 
INSERT INTO Block (N_ID, B_code, Floor) VALUES (357, '3D', 5); 
INSERT INTO Block (N_ID, B_code, Floor) VALUES (361, '4D', 5); 
INSERT INTO Block (N_ID, B_code, Floor) VALUES (362, '5D', 5); 
INSERT INTO Block (N_ID, B_code, Floor) VALUES (364, '6D', 5); 
INSERT INTO Block (N_ID, B_code, Floor) VALUES (374, '7D', 5); 
INSERT INTO Block (N_ID, B_code, Floor) VALUES (400, '9D', 5); 
INSERT INTO Block (N_ID, B_code, Floor) VALUES (401, '8D', 5); 
INSERT INTO Block (N_ID, B_code, Floor) VALUES (502, '1E', 10); 
INSERT INTO Block (N_ID, B_code, Floor) VALUES (1000, '2E', 10); 
INSERT INTO Block (N_ID, B_code, Floor) VALUES (2000, '3E', 10); 
INSERT INTO Block (N_ID, B_code, Floor) VALUES (105, '4E', 10); 
INSERT INTO Block (N_ID, B_code, Floor) VALUES (106, '5E', 10); 
INSERT INTO Block (N_ID, B_code, Floor) VALUES (107, '6E', 10); 
INSERT INTO Block (N_ID, B_code, Floor) VALUES (111, '7E', 10); 
INSERT INTO Block (N_ID, B_code, Floor) VALUES (112, '8E', 10); 
INSERT INTO Block (N_ID, B_code, Floor) VALUES (113, '9E', 10); 
INSERT INTO Block (N_ID, B_code, Floor) VALUES (115, '1H', 5); 
INSERT INTO Block (N_ID, B_code, Floor) VALUES (116, '2H', 5); 
INSERT INTO Block (N_ID, B_code, Floor) VALUES (117, '3H', 6); 
INSERT INTO Block (N_ID, B_code, Floor) VALUES (120, '4H', 1); 
INSERT INTO Block (N_ID, B_code, Floor) VALUES (121, '5H', 2); 
INSERT INTO Block (N_ID, B_code, Floor) VALUES (122, '6H', 6); 
INSERT INTO Block (N_ID, B_code, Floor) VALUES (123, '7H', 6); 
INSERT INTO Block (N_ID, B_code, Floor) VALUES (124, '8H', 6); 
INSERT INTO Block (N_ID, B_code, Floor) VALUES (125, '9H', 6); 
INSERT INTO Block (N_ID, B_code, Floor) VALUES (126, '1J', 6); 
INSERT INTO Block (N_ID, B_code, Floor) VALUES (127, '2J', 6); 
INSERT INTO Block (N_ID, B_code, Floor) VALUES (130, '3J', 6); 
INSERT INTO Block (N_ID, B_code, Floor) VALUES (121, '4J', 6); 
INSERT INTO Block (N_ID, B_code, Floor) VALUES (132, '5J', 6); 
INSERT INTO Block (N_ID, B_code, Floor) VALUES (135, '6J', 6); 
INSERT INTO Block (N_ID, B_code, Floor) VALUES (136, '7J', 7); 
INSERT INTO Block (N_ID, B_code, Floor) VALUES (137, '8J', 7); 
INSERT INTO Block (N_ID, B_code, Floor) VALUES (138, '9J', 7); 
INSERT INTO Block (N_ID, B_code, Floor) VALUES (139, '1F', 7); 
INSERT INTO Block (N_ID, B_code, Floor) VALUES (140, '2F', 7); 
INSERT INTO Block (N_ID, B_code, Floor) VALUES (141, '3F', 7); 
INSERT INTO Block (N_ID, B_code, Floor) VALUES (142, '4F', 7); 
INSERT INTO Block (N_ID, B_code, Floor) VALUES (143, '5F', 7); 
INSERT INTO Block (N_ID, B_code, Floor) VALUES (145, '6F', 7); 
INSERT INTO Block (N_ID, B_code, Floor) VALUES (146, '7F', 7); 
INSERT INTO Block (N_ID, B_code, Floor) VALUES (147, '8F', 8); 
INSERT INTO Block (N_ID, B_code, Floor) VALUES (148, '9F', 8); 
INSERT INTO Block (N_ID, B_code, Floor) VALUES (149, '1K', 8); 
INSERT INTO Block (N_ID, B_code, Floor) VALUES (150, '2K', 8); 
INSERT INTO Block (N_ID, B_code, Floor) VALUES (151, '3K', 8); 
INSERT INTO Block (N_ID, B_code, Floor) VALUES (153, '4K', 8); 
INSERT INTO Block (N_ID, B_code, Floor) VALUES (154, '5K', 8); 
INSERT INTO Block (N_ID, B_code, Floor) VALUES (156, '6K', 8); 
INSERT INTO Block (N_ID, B_code, Floor) VALUES (158, '7K', 8); 
INSERT INTO Block (N_ID, B_code, Floor) VALUES (160, '8K', 8); 
INSERT INTO Block (N_ID, B_code, Floor) VALUES (161, '9K', 9); 
INSERT INTO Block (N_ID, B_code, Floor) VALUES (163, '1G', 9); 
INSERT INTO Block (N_ID, B_code, Floor) VALUES (166, '2G', 9); 
INSERT INTO Block (N_ID, B_code, Floor) VALUES (167, '3G', 9); 
INSERT INTO Block (N_ID, B_code, Floor) VALUES (170, '4G', 9); 
INSERT INTO Block (N_ID, B_code, Floor) VALUES (172, '5G', 9); 
INSERT INTO Block (N_ID, B_code, Floor) VALUES (173, '6G', 9); 
INSERT INTO Block (N_ID, B_code, Floor) VALUES (175, '8G', 9); 
INSERT INTO Block (N_ID, B_code, Floor) VALUES (176, '9G', 9); 
INSERT INTO Block (N_ID, B_code, Floor) VALUES (177, '1L', 9); 
INSERT INTO Block (N_ID, B_code, Floor) VALUES (178, '2L', 9);

______________________________________________________________________________________________________________________________________________________________________________________


CREATE TABLE Ambulans(
     P_ID INT,
     carNumber Varchar(50),
     Model Varchar(50),
     PRIMARY KEY(carNumber),
     FOREIGN KEY(P_ID) REFERENCES Patient(P_ID)
);


INSERT INTO Ambulans (P_ID, carNumber, Model) VALUES (1, 'W5389XA', 'CX-5');
INSERT INTO Ambulans (P_ID, carNumber, Model) VALUES (2, 'Y37211A', 'Aerio');
INSERT INTO Ambulans (P_ID, carNumber, Model) VALUES (3, 'S92046', 'Galant');
INSERT INTO Ambulans (P_ID, carNumber, Model) VALUES (4, 'S52549J', 'Durango');
INSERT INTO Ambulans (P_ID, carNumber, Model) VALUES (5, 'S63121S', 'Altima');
INSERT INTO Ambulans (P_ID, carNumber, Model) VALUES (6, 'S42112B', 'Grand Cherokee');
INSERT INTO Ambulans (P_ID, carNumber, Model) VALUES (7, 'S72062S', 'Kizashi');
INSERT INTO Ambulans (P_ID, carNumber, Model) VALUES (8, 'H02011', 'Yukon XL 2500');
INSERT INTO Ambulans (P_ID, carNumber, Model) VALUES (9, 'T3472', 'RX-7');
INSERT INTO Ambulans (P_ID, carNumber, Model) VALUES (10, 'S42156K', 'Coupe');
INSERT INTO Ambulans (P_ID, carNumber, Model) VALUES (11, 'S68022', 'Galant');
INSERT INTO Ambulans (P_ID, carNumber, Model) VALUES (12, 'A98', 'Impala');
INSERT INTO Ambulans (P_ID, carNumber, Model) VALUES (13, 'Q770', 'Park Avenue');
INSERT INTO Ambulans (P_ID, carNumber, Model) VALUES (14, 'S42224A', 'Precis');
INSERT INTO Ambulans (P_ID, carNumber, Model) VALUES (15, 'H30133', 'G-Series 2500');
INSERT INTO Ambulans (P_ID, carNumber, Model) VALUES (16, 'S92122K', '7 Series');
INSERT INTO Ambulans (P_ID, carNumber, Model) VALUES (17, 'S32122D', 'Mirage');
INSERT INTO Ambulans (P_ID, carNumber, Model) VALUES (18, 'H44532', 'C-Class');
INSERT INTO Ambulans (P_ID, carNumber, Model) VALUES (19, 'S66123A', 'Tracer');
INSERT INTO Ambulans (P_ID, carNumber, Model) VALUES (20, 'S96902', 'Veracruz');
INSERT INTO Ambulans (P_ID, carNumber, Model) VALUES (21, 'S52044D', 'Rally Wagon 2500');
INSERT INTO Ambulans (P_ID, carNumber, Model) VALUES (22, 'T22519D', 'Avalanche');
INSERT INTO Ambulans (P_ID, carNumber, Model) VALUES (23, 'S32425B', 'LeSabre');
INSERT INTO Ambulans (P_ID, carNumber, Model) VALUES (24, 'V527XXA', 'Accord');
INSERT INTO Ambulans (P_ID, carNumber, Model) VALUES (25, 'T375X5D', 'Axiom');
INSERT INTO Ambulans (P_ID, carNumber, Model) VALUES (26, 'S20319', 'Sentra');
INSERT INTO Ambulans (P_ID, carNumber, Model) VALUES (27, 'S46121A', 'Firebird');
INSERT INTO Ambulans (P_ID, carNumber, Model) VALUES (28, 'S53143D', 'X3');
INSERT INTO Ambulans (P_ID, carNumber, Model) VALUES (29, 'S76819A', 'Santa Fe');
INSERT INTO Ambulans (P_ID, carNumber, Model) VALUES (30, 'S52335E', 'Escalade EXT');
INSERT INTO Ambulans (P_ID, carNumber, Model) VALUES (31, 'S3802XD', 'Escalade');
INSERT INTO Ambulans (P_ID, carNumber, Model) VALUES (32, 'S06323S', 'V50');
INSERT INTO Ambulans (P_ID, carNumber, Model) VALUES (33, 'T2315', 'Sierra 1500');
INSERT INTO Ambulans (P_ID, carNumber, Model) VALUES (34, 'S63285S', 'Blazer');
INSERT INTO Ambulans (P_ID, carNumber, Model) VALUES (35, 'E46', 'Scoupe');
INSERT INTO Ambulans (P_ID, carNumber, Model) VALUES (36, 'T532X2S', 'Park Avenue');
INSERT INTO Ambulans (P_ID, carNumber, Model) VALUES (37, 'S31531S', 'Sierra 2500');
INSERT INTO Ambulans (P_ID, carNumber, Model) VALUES (38, 'S2314', 'Camaro');
INSERT INTO Ambulans (P_ID, carNumber, Model) VALUES (39, 'S00241D', 'Pathfinder Armada');
INSERT INTO Ambulans (P_ID, carNumber, Model) VALUES (40, 'S8701XS', 'Beretta');
INSERT INTO Ambulans (P_ID, carNumber, Model) VALUES (41, 'M67432', 'Odyssey');
INSERT INTO Ambulans (P_ID, carNumber, Model) VALUES (42, 'Q72819', 'Corvette');
INSERT INTO Ambulans (P_ID, carNumber, Model) VALUES (43, 'Y219XXD', 'Legacy');
INSERT INTO Ambulans (P_ID, carNumber, Model) VALUES (44, 'V3910XD', 'Accord');
INSERT INTO Ambulans (P_ID, carNumber, Model) VALUES (45, 'B352', 'Integra');
INSERT INTO Ambulans (P_ID, carNumber, Model) VALUES (46, 'S0084XD', 'Sequoia');
INSERT INTO Ambulans (P_ID, carNumber, Model) VALUES (47, 'J95830', 'Silverado');
INSERT INTO Ambulans (P_ID, carNumber, Model) VALUES (48, 'S72046H', 'Caprice Classic');
INSERT INTO Ambulans (P_ID, carNumber, Model) VALUES (49, 'S72433E', 'Skyhawk');
INSERT INTO Ambulans (P_ID, carNumber, Model) VALUES (50, 'V0199XA', 'Z4');
INSERT INTO Ambulans (P_ID, carNumber, Model) VALUES (51, 'S52399C', 'Intrepid');
INSERT INTO Ambulans (P_ID, carNumber, Model) VALUES (52, 'Q451', 'Bonneville');
INSERT INTO Ambulans (P_ID, carNumber, Model) VALUES (53, 'T50B96A', 'Gemini');
INSERT INTO Ambulans (P_ID, carNumber, Model) VALUES (54, 'T85890', 'SLK-Class');
INSERT INTO Ambulans (P_ID, carNumber, Model) VALUES (55, 'E1021', 'C70');
INSERT INTO Ambulans (P_ID, carNumber, Model) VALUES (56, 'T23649A', 'Cayenne');
INSERT INTO Ambulans (P_ID, carNumber, Model) VALUES (57, 'M84378P', 'SLR McLaren');
INSERT INTO Ambulans (P_ID, carNumber, Model) VALUES (58, 'Z832', 'Element');
INSERT INTO Ambulans (P_ID, carNumber, Model) VALUES (59, 'S809', 'Cirrus');
INSERT INTO Ambulans (P_ID, carNumber, Model) VALUES (60, 'T23612', 'XC60');
INSERT INTO Ambulans (P_ID, carNumber, Model) VALUES (61, 'S02601K', 'Explorer Sport Trac');
INSERT INTO Ambulans (P_ID, carNumber, Model) VALUES (62, 'S46112A', 'RX Hybrid');
INSERT INTO Ambulans (P_ID, carNumber, Model) VALUES (63, 'V9036XA', 'RDX');
INSERT INTO Ambulans (P_ID, carNumber, Model) VALUES (64, 'V300XXD', 'Grand Marquis');
INSERT INTO Ambulans (P_ID, carNumber, Model) VALUES (65, 'S91139A', 'Aspire');
INSERT INTO Ambulans (P_ID, carNumber, Model) VALUES (66, 'S1010', 'Sprinter 3500');
INSERT INTO Ambulans (P_ID, carNumber, Model) VALUES (67, 'S52126D', 'Accord');
INSERT INTO Ambulans (P_ID, carNumber, Model) VALUES (68, 'S89021S', 'SL-Class');
INSERT INTO Ambulans (P_ID, carNumber, Model) VALUES (69, 'S4980XS', 'Tacoma Xtra');
INSERT INTO Ambulans (P_ID, carNumber, Model) VALUES (70, 'S52209P', 'S-Series');
INSERT INTO Ambulans (P_ID, carNumber, Model) VALUES (71, 'M80819D', 'Altima');
INSERT INTO Ambulans (P_ID, carNumber, Model) VALUES (72, 'S82871R', 'Sedona');
INSERT INTO Ambulans (P_ID, carNumber, Model) VALUES (73, 'S83002D', 'Trooper');
INSERT INTO Ambulans (P_ID, carNumber, Model) VALUES (74, 'S60420D', 'Ramcharger');
INSERT INTO Ambulans (P_ID, carNumber, Model) VALUES (75, 'N351', 'Enclave');
INSERT INTO Ambulans (P_ID, carNumber, Model) VALUES (76, 'O403XX5', 'DeVille');
INSERT INTO Ambulans (P_ID, carNumber, Model) VALUES (77, 'V557', 'Ram Van 2500');
INSERT INTO Ambulans (P_ID, carNumber, Model) VALUES (78, 'J64', 'Tempo');
INSERT INTO Ambulans (P_ID, carNumber, Model) VALUES (79, 'Y36290S', 'Sentra');
INSERT INTO Ambulans (P_ID, carNumber, Model) VALUES (80, 'S42295B', 'S-Series');
INSERT INTO Ambulans (P_ID, carNumber, Model) VALUES (81, 'S58111', 'Vandura G2500');
INSERT INTO Ambulans (P_ID, carNumber, Model) VALUES (82, 'O9A23', 'Cougar');
INSERT INTO Ambulans (P_ID, carNumber, Model) VALUES (83, 'E083211', 'Golf');
INSERT INTO Ambulans (P_ID, carNumber, Model) VALUES (84, 'C44209', 'R8');
INSERT INTO Ambulans (P_ID, carNumber, Model) VALUES (85, 'I69823', 'Continental');
INSERT INTO Ambulans (P_ID, carNumber, Model) VALUES (86, 'T68XXXS', 'Tempo');
INSERT INTO Ambulans (P_ID, carNumber, Model) VALUES (87, 'S82499K', 'Fit');
INSERT INTO Ambulans (P_ID, carNumber, Model) VALUES (88, 'O43192', 'Montero');
INSERT INTO Ambulans (P_ID, carNumber, Model) VALUES (89, 'S63104', 'Leone');
INSERT INTO Ambulans (P_ID, carNumber, Model) VALUES (90, 'S82153B', 'Carens');
INSERT INTO Ambulans (P_ID, carNumber, Model) VALUES (91, 'T63831D', 'FF');
INSERT INTO Ambulans (P_ID, carNumber, Model) VALUES (92, 'S62658A', 'Custom Cruiser');
INSERT INTO Ambulans (P_ID, carNumber, Model) VALUES (93, 'V760XXD', 'Silverado 3500');
INSERT INTO Ambulans (P_ID, carNumber, Model) VALUES (94, 'S42201A', 'GTI');
INSERT INTO Ambulans (P_ID, carNumber, Model) VALUES (95, 'O3132X4', 'XK Series');
INSERT INTO Ambulans (P_ID, carNumber, Model) VALUES (96, 'S70371', 'G3');
INSERT INTO Ambulans (P_ID, carNumber, Model) VALUES (97, 'T2531', 'Cougar');
INSERT INTO Ambulans (P_ID, carNumber, Model) VALUES (98, 'H401393', 'Discovery Series II');
INSERT INTO Ambulans (P_ID, carNumber, Model) VALUES (99, 'C50811', 'Electra');
INSERT INTO Ambulans (P_ID, carNumber, Model) VALUES (100, 'M67332', 'Optima');


______________________________________________________________________________________________________________________________________________________________________________________


CREATE TABLE Ambulans(
     Driver_ID INT,
     Name Varchar(50),
     Phone Varchar(50),
     Salary INT,
     PRIMARY KEY(Driver_ID)
);


INSERT INTO Driver (Driver_ID, Name, Phone, Salary) VALUES (1, 'Jimmy Streeting', '207-232-0576', 262);
INSERT INTO Driver (Driver_ID, Name, Phone, Salary) VALUES (2, 'Robyn Culkin', '254-978-1831', 377);
INSERT INTO Driver (Driver_ID, Name, Phone, Salary) VALUES (3, 'Sylvia Niese', '132-331-3103', 273);
INSERT INTO Driver (Driver_ID, Name, Phone, Salary) VALUES (4, 'Paxton Boodell', '168-768-9998', 242);
INSERT INTO Driver (Driver_ID, Name, Phone, Salary) VALUES (5, 'Clay Kinze', '751-422-2603', 300);
INSERT INTO Driver (Driver_ID, Name, Phone, Salary) VALUES (6, 'Ram Glas', '337-841-4887', 239);
INSERT INTO Driver (Driver_ID, Name, Phone, Salary) VALUES (7, 'Alberik Bawle', '513-850-2762', 227);
INSERT INTO Driver (Driver_ID, Name, Phone, Salary) VALUES (8, 'Sasha Giffkins', '762-977-5383', 292);
INSERT INTO Driver (Driver_ID, Name, Phone, Salary) VALUES (9, 'Lona Vannoni', '804-214-2612', 122);
INSERT INTO Driver (Driver_ID, Name, Phone, Salary) VALUES (10, 'Marianne McAdam', '358-698-9946', 139);
INSERT INTO Driver (Driver_ID, Name, Phone, Salary) VALUES (11, 'Brianne Beales', '157-498-6802', 399);
INSERT INTO Driver (Driver_ID, Name, Phone, Salary) VALUES (12, 'Celeste Caroll', '964-691-0541', 217);
INSERT INTO Driver (Driver_ID, Name, Phone, Salary) VALUES (13, 'Kalvin Meert', '962-274-7690', 334);
INSERT INTO Driver (Driver_ID, Name, Phone, Salary) VALUES (14, 'Christophorus Overland', '135-185-4261', 148);
INSERT INTO Driver (Driver_ID, Name, Phone, Salary) VALUES (15, 'Tracey Kwietek', '771-977-7752', 6);
INSERT INTO Driver (Driver_ID, Name, Phone, Salary) VALUES (16, 'Lorenza Stace', '587-296-5993', 187);
INSERT INTO Driver (Driver_ID, Name, Phone, Salary) VALUES (17, 'Fran Sarver', '372-182-2391', 18);
INSERT INTO Driver (Driver_ID, Name, Phone, Salary) VALUES (18, 'Ewan Sorel', '337-405-3937', 37);
INSERT INTO Driver (Driver_ID, Name, Phone, Salary) VALUES (19, 'Rochelle Lubomirski', '820-902-3086', 310);
INSERT INTO Driver (Driver_ID, Name, Phone, Salary) VALUES (20, 'Archambault Dyett', '880-112-9774', 370);
INSERT INTO Driver (Driver_ID, Name, Phone, Salary) VALUES (21, 'Aile Connaughton', '601-111-5945', 102);
INSERT INTO Driver (Driver_ID, Name, Phone, Salary) VALUES (22, 'Fons Rubinek', '897-537-5310', 60);
INSERT INTO Driver (Driver_ID, Name, Phone, Salary) VALUES (23, 'Laverne Ponsford', '698-935-8894', 380);
INSERT INTO Driver (Driver_ID, Name, Phone, Salary) VALUES (24, 'Caryl Badini', '696-283-9826', 405);
INSERT INTO Driver (Driver_ID, Name, Phone, Salary) VALUES (25, 'Cyndie Lusher', '590-267-7267', 70);
INSERT INTO Driver (Driver_ID, Name, Phone, Salary) VALUES (26, 'Kaitlynn Pareman', '604-999-6664', 155);
INSERT INTO Driver (Driver_ID, Name, Phone, Salary) VALUES (27, 'Luciano Rushbury', '758-814-0205', 217);
INSERT INTO Driver (Driver_ID, Name, Phone, Salary) VALUES (28, 'Glen Seleway', '474-844-9197', 4);
INSERT INTO Driver (Driver_ID, Name, Phone, Salary) VALUES (29, 'Jeri Flewan', '838-602-9591', 315);
INSERT INTO Driver (Driver_ID, Name, Phone, Salary) VALUES (30, 'Cos Bewick', '775-270-9696', 413);
INSERT INTO Driver (Driver_ID, Name, Phone, Salary) VALUES (31, 'Neall Surphliss', '327-233-6924', 412);
INSERT INTO Driver (Driver_ID, Name, Phone, Salary) VALUES (32, 'Nickolas Pridham', '140-637-4167', 237);
INSERT INTO Driver (Driver_ID, Name, Phone, Salary) VALUES (33, 'Mohandis Haibel', '202-326-2477', 28);
INSERT INTO Driver (Driver_ID, Name, Phone, Salary) VALUES (34, 'Nappie Yearns', '239-185-1405', 304);
INSERT INTO Driver (Driver_ID, Name, Phone, Salary) VALUES (35, 'Beverlie Loweth', '543-498-2325', 402);
INSERT INTO Driver (Driver_ID, Name, Phone, Salary) VALUES (36, 'Theodosia Caccavari', '432-431-7077', 100);
INSERT INTO Driver (Driver_ID, Name, Phone, Salary) VALUES (37, 'Nevin Hughland', '399-516-1278', 351);
INSERT INTO Driver (Driver_ID, Name, Phone, Salary) VALUES (38, 'Augusto Buckberry', '232-379-3162', 379);
INSERT INTO Driver (Driver_ID, Name, Phone, Salary) VALUES (39, 'Lou Yanshinov', '749-885-7466', 169);
INSERT INTO Driver (Driver_ID, Name, Phone, Salary) VALUES (40, 'Cynde Livingston', '655-527-0198', 147);
INSERT INTO Driver (Driver_ID, Name, Phone, Salary) VALUES (41, 'Mallory Beese', '652-710-1288', 369);
INSERT INTO Driver (Driver_ID, Name, Phone, Salary) VALUES (42, 'Ann Hay', '498-272-8517', 98);
INSERT INTO Driver (Driver_ID, Name, Phone, Salary) VALUES (43, 'Bar McKeurton', '572-161-7414', 162);
INSERT INTO Driver (Driver_ID, Name, Phone, Salary) VALUES (44, 'Herby Sloy', '329-169-1862', 156);
INSERT INTO Driver (Driver_ID, Name, Phone, Salary) VALUES (45, 'Wallie McAuslan', '213-527-0226', 406);
INSERT INTO Driver (Driver_ID, Name, Phone, Salary) VALUES (46, 'Briny Normadell', '780-224-7817', 269);
INSERT INTO Driver (Driver_ID, Name, Phone, Salary) VALUES (47, 'Esma Pinckard', '925-123-5578', 75);
INSERT INTO Driver (Driver_ID, Name, Phone, Salary) VALUES (48, 'Urbain Druitt', '623-356-0111', 53);
INSERT INTO Driver (Driver_ID, Name, Phone, Salary) VALUES (49, 'Udell Corke', '408-745-7754', 10);
INSERT INTO Driver (Driver_ID, Name, Phone, Salary) VALUES (50, 'Dannie Bompas', '826-587-5865', 420);
INSERT INTO Driver (Driver_ID, Name, Phone, Salary) VALUES (51, 'Minne Badgers', '340-409-7936', 396);
INSERT INTO Driver (Driver_ID, Name, Phone, Salary) VALUES (52, 'Hephzibah Dewer', '476-374-7745', 77);
INSERT INTO Driver (Driver_ID, Name, Phone, Salary) VALUES (53, 'Cullen Gallardo', '821-234-1768', 84);
INSERT INTO Driver (Driver_ID, Name, Phone, Salary) VALUES (54, 'Claudio Workes', '374-673-9777', 216);
INSERT INTO Driver (Driver_ID, Name, Phone, Salary) VALUES (55, 'Krishna Eliasson', '970-637-2932', 209);
INSERT INTO Driver (Driver_ID, Name, Phone, Salary) VALUES (56, 'Carmela Pennycook', '767-137-4912', 275);
INSERT INTO Driver (Driver_ID, Name, Phone, Salary) VALUES (57, 'Ermengarde Castree', '319-255-7652', 388);
INSERT INTO Driver (Driver_ID, Name, Phone, Salary) VALUES (58, 'Catina Rubery', '572-382-5634', 311);
INSERT INTO Driver (Driver_ID, Name, Phone, Salary) VALUES (59, 'Elisa Winton', '846-141-6878', 405);
INSERT INTO Driver (Driver_ID, Name, Phone, Salary) VALUES (60, 'Brandtr Sommerlie', '603-637-0685', 422);
INSERT INTO Driver (Driver_ID, Name, Phone, Salary) VALUES (61, 'Georgie Ettery', '107-900-8768', 175);
INSERT INTO Driver (Driver_ID, Name, Phone, Salary) VALUES (62, 'Jeannine Kunz', '515-740-3752', 330);
INSERT INTO Driver (Driver_ID, Name, Phone, Salary) VALUES (63, 'Rogerio Byham', '750-443-2089', 21);
INSERT INTO Driver (Driver_ID, Name, Phone, Salary) VALUES (64, 'Neil Jouanny', '827-426-0680', 152);
INSERT INTO Driver (Driver_ID, Name, Phone, Salary) VALUES (65, 'Xenos Butland', '480-417-7576', 167);
INSERT INTO Driver (Driver_ID, Name, Phone, Salary) VALUES (66, 'Lydon Hiscoe', '916-398-0282', 28);
INSERT INTO Driver (Driver_ID, Name, Phone, Salary) VALUES (67, 'Rad Denziloe', '422-697-2401', 318);
INSERT INTO Driver (Driver_ID, Name, Phone, Salary) VALUES (68, 'Tara Babb', '807-831-1344', 155);
INSERT INTO Driver (Driver_ID, Name, Phone, Salary) VALUES (69, 'Bennie Dunster', '470-555-2028', 382);
INSERT INTO Driver (Driver_ID, Name, Phone, Salary) VALUES (70, 'Alon Rameau', '714-641-1944', 112);
INSERT INTO Driver (Driver_ID, Name, Phone, Salary) VALUES (71, 'Gisela Scrimshaw', '573-741-2912', 397);
INSERT INTO Driver (Driver_ID, Name, Phone, Salary) VALUES (72, 'Cleo Agronski', '826-372-7496', 79);
INSERT INTO Driver (Driver_ID, Name, Phone, Salary) VALUES (73, 'Starlene Lafontaine', '917-919-6966', 278);
INSERT INTO Driver (Driver_ID, Name, Phone, Salary) VALUES (74, 'Swen Couves', '268-225-8500', 367);
INSERT INTO Driver (Driver_ID, Name, Phone, Salary) VALUES (75, 'Edin Chern', '540-538-2963', 235);
INSERT INTO Driver (Driver_ID, Name, Phone, Salary) VALUES (76, 'Lilith Quakley', '902-101-7118', 262);
INSERT INTO Driver (Driver_ID, Name, Phone, Salary) VALUES (77, 'Brion Kiff', '850-631-4097', 28);
INSERT INTO Driver (Driver_ID, Name, Phone, Salary) VALUES (78, 'Isaiah Petrowsky', '354-762-7252', 83);
INSERT INTO Driver (Driver_ID, Name, Phone, Salary) VALUES (79, 'Glynda Pardue', '864-550-9692', 82);
INSERT INTO Driver (Driver_ID, Name, Phone, Salary) VALUES (80, 'Vassili Aitken', '795-496-9355', 320);
INSERT INTO Driver (Driver_ID, Name, Phone, Salary) VALUES (81, 'Muire Kleinber', '565-270-1049', 240);
INSERT INTO Driver (Driver_ID, Name, Phone, Salary) VALUES (82, 'Judas Habbon', '820-527-6678', 384);
INSERT INTO Driver (Driver_ID, Name, Phone, Salary) VALUES (83, 'Rahel Bond', '898-190-4107', 264);
INSERT INTO Driver (Driver_ID, Name, Phone, Salary) VALUES (84, 'Allin Letchmore', '343-690-6699', 360);
INSERT INTO Driver (Driver_ID, Name, Phone, Salary) VALUES (85, 'Jacki Erangey', '199-358-7544', 229);
INSERT INTO Driver (Driver_ID, Name, Phone, Salary) VALUES (86, 'Daune Kibblewhite', '607-259-1264', 342);
INSERT INTO Driver (Driver_ID, Name, Phone, Salary) VALUES (87, 'Stu Stokell', '246-280-2430', 305);
INSERT INTO Driver (Driver_ID, Name, Phone, Salary) VALUES (88, 'Debee McCunn', '323-824-7445', 349);
INSERT INTO Driver (Driver_ID, Name, Phone, Salary) VALUES (89, 'Michel Vondra', '848-859-1094', 135);
INSERT INTO Driver (Driver_ID, Name, Phone, Salary) VALUES (90, 'Enrica Lashmar', '919-950-8573', 396);
INSERT INTO Driver (Driver_ID, Name, Phone, Salary) VALUES (91, 'Vassili Luisetti', '907-332-1144', 248);
INSERT INTO Driver (Driver_ID, Name, Phone, Salary) VALUES (92, 'Florinda Halstead', '284-762-7993', 127);
INSERT INTO Driver (Driver_ID, Name, Phone, Salary) VALUES (93, 'Olav Norvill', '595-790-2902', 395);
INSERT INTO Driver (Driver_ID, Name, Phone, Salary) VALUES (94, 'Edwina Risdale', '273-167-3416', 298);
INSERT INTO Driver (Driver_ID, Name, Phone, Salary) VALUES (95, 'Merlina Sakins', '741-242-8530', 218);
INSERT INTO Driver (Driver_ID, Name, Phone, Salary) VALUES (96, 'Ezequiel Kayne', '847-413-0450', 256);
INSERT INTO Driver (Driver_ID, Name, Phone, Salary) VALUES (97, 'Alejandro Grinston', '332-618-9537', 370);
INSERT INTO Driver (Driver_ID, Name, Phone, Salary) VALUES (98, 'Rafaelita Thirlwell', '338-295-5800', 81);
INSERT INTO Driver (Driver_ID, Name, Phone, Salary) VALUES (99, 'Blondelle Newport', '120-223-2650', 320);
INSERT INTO Driver (Driver_ID, Name, Phone, Salary) VALUES (100, 'Cicely Woodfield', '544-616-9555', 14);


______________________________________________________________________________________________________________________________________________________________________________________


CREATE TABLE Paramedic(
     Paramedic_ID INT,
     Name Varchar(50),
     Shift Varchar(50),
     Phone Varchar(50),
     Salary INT,
     PRIMARY KEY(Paramedic_ID)
);


INSERT INTO Paramedic (Paramedic_ID, Name, Shift, Phone, Salary) VALUES (1, 'Mac Jeeves', 'Day', '600-435-9575', 9128);
INSERT INTO Paramedic (Paramedic_ID, Name, Shift, Phone, Salary) VALUES (2, 'Gweneth Elsworth', 'Day', '232-295-9685', 12273);
INSERT INTO Paramedic (Paramedic_ID, Name, Shift, Phone, Salary) VALUES (3, 'Hamlin Meryett', 'Day', '821-285-9630', 5430);
INSERT INTO Paramedic (Paramedic_ID, Name, Shift, Phone, Salary) VALUES (4, 'Fonz Heathcott', 'Night', '584-403-1224', 22261);
INSERT INTO Paramedic (Paramedic_ID, Name, Shift, Phone, Salary) VALUES (5, 'Olympia Cohalan', 'Night', '226-139-6730', 22630);
INSERT INTO Paramedic (Paramedic_ID, Name, Shift, Phone, Salary) VALUES (6, 'Dermot Collings', 'Night', '595-474-8039', 15360);
INSERT INTO Paramedic (Paramedic_ID, Name, Shift, Phone, Salary) VALUES (7, 'Liam Rontree', 'Night', '568-189-2194', 20075);
INSERT INTO Paramedic (Paramedic_ID, Name, Shift, Phone, Salary) VALUES (8, 'Lenci Conan', 'Day', '310-696-2558', 17287);
INSERT INTO Paramedic (Paramedic_ID, Name, Shift, Phone, Salary) VALUES (9, 'Hansiain Sandbrook', 'Day', '962-572-5003', 22184);
INSERT INTO Paramedic (Paramedic_ID, Name, Shift, Phone, Salary) VALUES (10, 'Gerik Mainds', 'Night', '978-326-5472', 10808);
INSERT INTO Paramedic (Paramedic_ID, Name, Shift, Phone, Salary) VALUES (11, 'Leela Liddiard', 'Night', '882-479-5530', 18873);
INSERT INTO Paramedic (Paramedic_ID, Name, Shift, Phone, Salary) VALUES (12, 'Isadora Epple', 'Day', '977-250-9739', 20699);
INSERT INTO Paramedic (Paramedic_ID, Name, Shift, Phone, Salary) VALUES (13, 'Alberik Stickney', 'Night', '546-683-9915', 16672);
INSERT INTO Paramedic (Paramedic_ID, Name, Shift, Phone, Salary) VALUES (14, 'Albina Earwaker', 'Day', '712-731-7120', 19811);
INSERT INTO Paramedic (Paramedic_ID, Name, Shift, Phone, Salary) VALUES (15, 'Rodney Soff', 'Day', '414-651-2326', 13459);
INSERT INTO Paramedic (Paramedic_ID, Name, Shift, Phone, Salary) VALUES (16, 'Marc Snedker', 'Day', '906-276-8332', 8297);
INSERT INTO Paramedic (Paramedic_ID, Name, Shift, Phone, Salary) VALUES (17, 'Odessa Toquet', 'Day', '498-958-5161', 18927);
INSERT INTO Paramedic (Paramedic_ID, Name, Shift, Phone, Salary) VALUES (18, 'Kassie Dymocke', 'Night', '711-437-3278', 11613);
INSERT INTO Paramedic (Paramedic_ID, Name, Shift, Phone, Salary) VALUES (19, 'Skip McIlwraith', 'Day', '643-827-6956', 908);
INSERT INTO Paramedic (Paramedic_ID, Name, Shift, Phone, Salary) VALUES (20, 'Boycey Brick', 'Night', '384-621-2264', 2969);
INSERT INTO Paramedic (Paramedic_ID, Name, Shift, Phone, Salary) VALUES (21, 'Archie Jencey', 'Day', '968-655-9723', 2793);
INSERT INTO Paramedic (Paramedic_ID, Name, Shift, Phone, Salary) VALUES (22, 'Trip Hallick', 'Night', '907-243-3107', 11720);
INSERT INTO Paramedic (Paramedic_ID, Name, Shift, Phone, Salary) VALUES (23, 'Judith Colaton', 'Day', '802-275-3327', 6661);
INSERT INTO Paramedic (Paramedic_ID, Name, Shift, Phone, Salary) VALUES (24, 'Adriaens Sleightholm', 'Day', '824-444-8767', 14611);
INSERT INTO Paramedic (Paramedic_ID, Name, Shift, Phone, Salary) VALUES (25, 'Katharyn Hovel', 'Day', '115-415-5370', 593);
INSERT INTO Paramedic (Paramedic_ID, Name, Shift, Phone, Salary) VALUES (26, 'Lyon Mibourne', 'Day', '870-325-0639', 637);
INSERT INTO Paramedic (Paramedic_ID, Name, Shift, Phone, Salary) VALUES (27, 'Lucie Endrighi', 'Day', '403-792-9339', 3330);
INSERT INTO Paramedic (Paramedic_ID, Name, Shift, Phone, Salary) VALUES (28, 'Davie Totaro', 'Day', '801-703-2158', 22689);
INSERT INTO Paramedic (Paramedic_ID, Name, Shift, Phone, Salary) VALUES (29, 'Babita Clayfield', 'Day', '982-482-2335', 10758);
INSERT INTO Paramedic (Paramedic_ID, Name, Shift, Phone, Salary) VALUES (30, 'Cleopatra Vowdon', 'Day', '369-929-7051', 1095);
INSERT INTO Paramedic (Paramedic_ID, Name, Shift, Phone, Salary) VALUES (31, 'Phedra Muzzi', 'Day', '667-715-8744', 3695);
INSERT INTO Paramedic (Paramedic_ID, Name, Shift, Phone, Salary) VALUES (32, 'Wanda Ziemen', 'Night', '463-767-7034', 3579);
INSERT INTO Paramedic (Paramedic_ID, Name, Shift, Phone, Salary) VALUES (33, 'Ralph Eacle', 'Night', '146-425-8075', 10357);
INSERT INTO Paramedic (Paramedic_ID, Name, Shift, Phone, Salary) VALUES (34, 'Hirsch Ottiwill', 'Night', '756-382-4140', 20466);
INSERT INTO Paramedic (Paramedic_ID, Name, Shift, Phone, Salary) VALUES (35, 'Constancia Hutfield', 'Night', '815-666-1548', 4625);
INSERT INTO Paramedic (Paramedic_ID, Name, Shift, Phone, Salary) VALUES (36, 'Avigdor Carradice', 'Night', '359-787-2680', 1718);
INSERT INTO Paramedic (Paramedic_ID, Name, Shift, Phone, Salary) VALUES (37, 'Rebeca Antley', 'Day', '865-694-1273', 8896);
INSERT INTO Paramedic (Paramedic_ID, Name, Shift, Phone, Salary) VALUES (38, 'Elyn Nevill', 'Day', '261-175-8639', 21304);
INSERT INTO Paramedic (Paramedic_ID, Name, Shift, Phone, Salary) VALUES (39, 'Gunter Goullee', 'Day', '985-925-0725', 3359);
INSERT INTO Paramedic (Paramedic_ID, Name, Shift, Phone, Salary) VALUES (40, 'Claresta Woolliams', 'Day', '401-586-9862', 548);
INSERT INTO Paramedic (Paramedic_ID, Name, Shift, Phone, Salary) VALUES (41, 'Corene Jedrachowicz', 'Night', '702-481-6320', 13062);
INSERT INTO Paramedic (Paramedic_ID, Name, Shift, Phone, Salary) VALUES (42, 'Marris Hugett', 'Night', '799-181-7115', 930);
INSERT INTO Paramedic (Paramedic_ID, Name, Shift, Phone, Salary) VALUES (43, 'Chiquita Snaddin', 'Night', '494-823-6797', 14507);
INSERT INTO Paramedic (Paramedic_ID, Name, Shift, Phone, Salary) VALUES (44, 'Anastasie Enriques', 'Night', '944-329-6659', 7354);
INSERT INTO Paramedic (Paramedic_ID, Name, Shift, Phone, Salary) VALUES (45, 'Abie Richards', 'Night', '474-565-2053', 17939);
INSERT INTO Paramedic (Paramedic_ID, Name, Shift, Phone, Salary) VALUES (46, 'Bobbi Kynastone', 'Night', '975-493-7936', 1881);
INSERT INTO Paramedic (Paramedic_ID, Name, Shift, Phone, Salary) VALUES (47, 'Wayne Fallen', 'Night', '835-543-4203', 17393);
INSERT INTO Paramedic (Paramedic_ID, Name, Shift, Phone, Salary) VALUES (48, 'Del Jacox', 'Day', '646-101-3231', 15166);
INSERT INTO Paramedic (Paramedic_ID, Name, Shift, Phone, Salary) VALUES (49, 'Verile Comley', 'Night', '504-763-7358', 5998);
INSERT INTO Paramedic (Paramedic_ID, Name, Shift, Phone, Salary) VALUES (50, 'Nappy Livesley', 'Day', '633-545-3034', 6672);
INSERT INTO Paramedic (Paramedic_ID, Name, Shift, Phone, Salary) VALUES (51, 'Vanya Osselton', 'Night', '615-326-8025', 19790);
INSERT INTO Paramedic (Paramedic_ID, Name, Shift, Phone, Salary) VALUES (52, 'Ronny Delouch', 'Day', '750-677-3858', 13762);
INSERT INTO Paramedic (Paramedic_ID, Name, Shift, Phone, Salary) VALUES (53, 'Niles Clemonts', 'Night', '181-178-7837', 5740);
INSERT INTO Paramedic (Paramedic_ID, Name, Shift, Phone, Salary) VALUES (54, 'Chrisy Beebee', 'Day', '525-944-6999', 2445);
INSERT INTO Paramedic (Paramedic_ID, Name, Shift, Phone, Salary) VALUES (55, 'Lory Hadcock', 'Day', '757-758-1612', 13579);
INSERT INTO Paramedic (Paramedic_ID, Name, Shift, Phone, Salary) VALUES (56, 'Adaline Lamberti', 'Night', '808-993-3126', 1095);
INSERT INTO Paramedic (Paramedic_ID, Name, Shift, Phone, Salary) VALUES (57, 'Forrester Andrysek', 'Night', '213-257-7460', 4278);
INSERT INTO Paramedic (Paramedic_ID, Name, Shift, Phone, Salary) VALUES (58, 'Shirlee Conelly', 'Day', '835-867-3304', 19696);
INSERT INTO Paramedic (Paramedic_ID, Name, Shift, Phone, Salary) VALUES (59, 'Moritz Pezey', 'Night', '293-275-9316', 20816);
INSERT INTO Paramedic (Paramedic_ID, Name, Shift, Phone, Salary) VALUES (60, 'Carmelina Sears', 'Night', '620-687-0305', 14426);
INSERT INTO Paramedic (Paramedic_ID, Name, Shift, Phone, Salary) VALUES (61, 'Piggy Todhunter', 'Day', '375-603-9757', 3664);
INSERT INTO Paramedic (Paramedic_ID, Name, Shift, Phone, Salary) VALUES (62, 'Avrom Greeson', 'Day', '282-608-5371', 15768);
INSERT INTO Paramedic (Paramedic_ID, Name, Shift, Phone, Salary) VALUES (63, 'Minda Dilland', 'Day', '548-683-8981', 8284);
INSERT INTO Paramedic (Paramedic_ID, Name, Shift, Phone, Salary) VALUES (64, 'Kevan Whiteway', 'Night', '859-870-4616', 18846);
INSERT INTO Paramedic (Paramedic_ID, Name, Shift, Phone, Salary) VALUES (65, 'Yuma Yegorkov', 'Day', '712-548-4194', 2126);
INSERT INTO Paramedic (Paramedic_ID, Name, Shift, Phone, Salary) VALUES (66, 'Corby Rettie', 'Night', '544-856-2163', 8465);
INSERT INTO Paramedic (Paramedic_ID, Name, Shift, Phone, Salary) VALUES (67, 'Nance Cordelle', 'Night', '252-790-8686', 14456);
INSERT INTO Paramedic (Paramedic_ID, Name, Shift, Phone, Salary) VALUES (68, 'Arny Buxcy', 'Day', '527-119-5674', 19133);
INSERT INTO Paramedic (Paramedic_ID, Name, Shift, Phone, Salary) VALUES (69, 'Adan Gounel', 'Night', '257-899-8324', 14668);
INSERT INTO Paramedic (Paramedic_ID, Name, Shift, Phone, Salary) VALUES (70, 'Meredithe Shird', 'Night', '634-238-3933', 1643);
INSERT INTO Paramedic (Paramedic_ID, Name, Shift, Phone, Salary) VALUES (71, 'Constantine Deschlein', 'Night', '745-143-2047', 6777);
INSERT INTO Paramedic (Paramedic_ID, Name, Shift, Phone, Salary) VALUES (72, 'Ulrick Puxley', 'Day', '191-434-4234', 9483);
INSERT INTO Paramedic (Paramedic_ID, Name, Shift, Phone, Salary) VALUES (73, 'Maurine Gabbetis', 'Day', '725-709-9141', 12092);
INSERT INTO Paramedic (Paramedic_ID, Name, Shift, Phone, Salary) VALUES (74, 'Calvin Francois', 'Day', '279-935-5531', 9732);
INSERT INTO Paramedic (Paramedic_ID, Name, Shift, Phone, Salary) VALUES (75, 'Averill Wragge', 'Day', '628-696-6015', 11043);
INSERT INTO Paramedic (Paramedic_ID, Name, Shift, Phone, Salary) VALUES (76, 'Shaun Faircley', 'Night', '251-514-1293', 15270);
INSERT INTO Paramedic (Paramedic_ID, Name, Shift, Phone, Salary) VALUES (77, 'Laure Saunper', 'Day', '773-304-6586', 19519);
INSERT INTO Paramedic (Paramedic_ID, Name, Shift, Phone, Salary) VALUES (78, 'Mia Rack', 'Day', '561-333-3871', 20595);
INSERT INTO Paramedic (Paramedic_ID, Name, Shift, Phone, Salary) VALUES (79, 'Milzie Swaysland', 'Day', '816-710-3949', 19093);
INSERT INTO Paramedic (Paramedic_ID, Name, Shift, Phone, Salary) VALUES (80, 'Brucie Kitcherside', 'Day', '443-749-7700', 3912);
INSERT INTO Paramedic (Paramedic_ID, Name, Shift, Phone, Salary) VALUES (81, 'Imojean Kops', 'Night', '906-558-6467', 6406);
INSERT INTO Paramedic (Paramedic_ID, Name, Shift, Phone, Salary) VALUES (82, 'Leticia Brandsen', 'Day', '511-186-1626', 10460);
INSERT INTO Paramedic (Paramedic_ID, Name, Shift, Phone, Salary) VALUES (83, 'Daisie Aldis', 'Night', '487-644-7643', 22460);
INSERT INTO Paramedic (Paramedic_ID, Name, Shift, Phone, Salary) VALUES (84, 'Guss Morlon', 'Day', '506-599-4057', 17201);
INSERT INTO Paramedic (Paramedic_ID, Name, Shift, Phone, Salary) VALUES (85, 'Lise Ivy', 'Day', '410-436-2287', 19733);
INSERT INTO Paramedic (Paramedic_ID, Name, Shift, Phone, Salary) VALUES (86, 'Nevin Craiker', 'Night', '577-955-2108', 5974);
INSERT INTO Paramedic (Paramedic_ID, Name, Shift, Phone, Salary) VALUES (87, 'Siana Kinde', 'Night', '454-204-0205', 6380);
INSERT INTO Paramedic (Paramedic_ID, Name, Shift, Phone, Salary) VALUES (88, 'Maggi Wilkerson', 'Night', '593-867-0643', 571);
INSERT INTO Paramedic (Paramedic_ID, Name, Shift, Phone, Salary) VALUES (89, 'Ciel Tellenbrok', 'Night', '245-536-7322', 9701);
INSERT INTO Paramedic (Paramedic_ID, Name, Shift, Phone, Salary) VALUES (90, 'Annecorinne Hunter', 'Day', '399-765-9143', 21298);
INSERT INTO Paramedic (Paramedic_ID, Name, Shift, Phone, Salary) VALUES (91, 'Adda Featherstonhaugh', 'Night', '412-267-8968', 22059);
INSERT INTO Paramedic (Paramedic_ID, Name, Shift, Phone, Salary) VALUES (92, 'Rowan Cansdall', 'Day', '186-394-3439', 3609);
INSERT INTO Paramedic (Paramedic_ID, Name, Shift, Phone, Salary) VALUES (93, 'Nan Wilprecht', 'Night', '109-830-8425', 13996);
INSERT INTO Paramedic (Paramedic_ID, Name, Shift, Phone, Salary) VALUES (94, 'Drew Izacenko', 'Night', '373-666-6417', 16723);
INSERT INTO Paramedic (Paramedic_ID, Name, Shift, Phone, Salary) VALUES (95, 'Hildagard Sillett', 'Night', '449-728-2620', 20607);
INSERT INTO Paramedic (Paramedic_ID, Name, Shift, Phone, Salary) VALUES (96, 'Astrid Cases', 'Night', '714-427-4968', 15824);
INSERT INTO Paramedic (Paramedic_ID, Name, Shift, Phone, Salary) VALUES (97, 'Ana Jeacop', 'Day', '197-713-2899', 11304);
INSERT INTO Paramedic (Paramedic_ID, Name, Shift, Phone, Salary) VALUES (98, 'Chickie Rissom', 'Day', '915-555-1088', 17096);
INSERT INTO Paramedic (Paramedic_ID, Name, Shift, Phone, Salary) VALUES (99, 'Damita MacFadyen', 'Day', '694-672-6320', 19291);
INSERT INTO Paramedic (Paramedic_ID, Name, Shift, Phone, Salary) VALUES (100, 'Aliza Rickesies', 'Day', '529-396-5434', 23056);
